date,adjpoll_clinton,adjpoll_trump,Music_LeftTroll,Music_RightTroll,Movies_LeftTroll,Movies_RightTroll,Sport_LeftTroll,Sport_RightTroll,Trump_LeftTroll,Trump_RightTroll,Hillary_LeftTroll,Hillary_RightTroll,Hacking_LeftTroll,Hacking_RightTroll,Sanders_LeftTroll,Sanders_RightTroll,Obama_LeftTroll,Obama_RightTroll,Election_LeftTroll,Election_RightTroll,Voter_LeftTroll,Voter_RightTroll,Healthcare_LeftTroll,Healthcare_RightTroll,Gouvernment_LeftTroll,Gouvernment_RightTroll,Religion_LeftTroll,Religion_RightTroll,Conservative_LeftTroll,Conservative_RightTroll,Liberal_LeftTroll,Liberal_RightTroll,Gun_LeftTroll,Gun_RightTroll,Terrorism_LeftTroll,Terrorism_RightTroll,Fear_LeftTroll,Fear_RightTroll,BlackLivesMatter_LeftTroll,BlackLivesMatter_RightTroll,MeToo_LeftTroll,MeToo_RightTroll,FakeNews_LeftTroll,FakeNews_RightTroll,News_LeftTroll,News_RightTroll,Scandal_LeftTroll,Scandal_RightTroll,Economy_LeftTroll,Economy_RightTroll
2015-11-13,44.955033333333326,44.39936,0.0,6.0,0.0,0.0,0.0,0.0,0.0,9.0,0.0,5.0,0.0,0.0,0.0,1.0,0.0,3.0,0.0,37.0,0.0,7.0,0.0,2.0,0.0,4.0,0.0,9.0,0.0,10.0,0.0,25.0,0.0,3.0,1.0,9.0,0.0,8.0,14.0,10.0,0.0,6.0,0.0,8.0,1.0,16.0,0.0,2.0,0.0,8.0
2015-11-15,47.46369,42.957813333333334,13.0,152.0,1.0,28.0,3.0,44.0,10.0,344.0,34.0,304.0,0.0,28.0,2.0,114.0,1.0,84.0,116.0,2856.0,3.0,44.0,1.0,48.0,0.0,30.0,7.0,66.0,37.0,628.0,90.0,2076.0,9.0,153.0,12.0,295.0,1.0,4.0,45.0,165.0,1.0,16.0,0.0,48.0,4.0,81.0,2.0,60.0,1.0,154.0
2015-11-16,45.79736611111111,43.35205833333333,0.0,5.0,0.0,0.0,0.0,0.0,2.0,45.0,1.0,6.0,0.0,1.0,0.0,0.0,1.0,59.0,0.0,23.0,0.0,6.0,0.0,6.0,3.0,23.0,0.0,33.0,0.0,59.0,0.0,13.0,0.0,14.0,4.0,92.0,1.0,4.0,12.0,7.0,0.0,0.0,0.0,6.0,0.0,35.0,0.0,3.0,0.0,10.0
2015-11-23,46.09429125,42.585376249999996,0.0,13.0,0.0,1.0,0.0,1.0,1.0,22.0,0.0,2.0,0.0,3.0,0.0,0.0,0.0,13.0,0.0,6.0,0.0,3.0,0.0,1.0,0.0,18.0,0.0,25.0,0.0,32.0,0.0,5.0,0.0,3.0,0.0,25.0,0.0,0.0,3.0,9.0,1.0,8.0,0.0,6.0,0.0,23.0,0.0,6.0,0.0,1.0
2015-11-27,46.40925033333333,42.85977366666667,0.0,0.0,1.0,0.0,0.0,0.0,17.0,1.0,0.0,2.0,0.0,3.0,1.0,0.0,1.0,9.0,6.0,2.0,0.0,1.0,1.0,0.0,0.0,4.0,5.0,9.0,2.0,20.0,5.0,3.0,5.0,11.0,21.0,8.0,0.0,10.0,34.0,7.0,3.0,4.0,1.0,3.0,7.0,11.0,0.0,4.0,0.0,3.0
2015-11-29,46.646033055555556,42.04593472222222,1.0,7.0,0.0,10.0,0.0,6.0,3.0,16.0,0.0,11.0,0.0,5.0,0.0,0.0,0.0,26.0,4.0,24.0,0.0,12.0,0.0,2.0,0.0,16.0,1.0,51.0,0.0,74.0,3.0,13.0,0.0,9.0,4.0,34.0,1.0,14.0,20.0,13.0,1.0,12.0,3.0,16.0,3.0,44.0,0.0,2.0,0.0,7.0
2015-12-02,46.50958071428571,42.129255,0.0,9.0,0.0,1.0,0.0,6.0,9.0,41.0,0.0,9.0,0.0,5.0,0.0,0.0,0.0,21.0,0.0,35.0,0.0,14.0,0.0,11.0,0.0,7.0,4.0,29.0,1.0,52.0,0.0,14.0,5.0,9.0,14.0,35.0,1.0,8.0,19.0,26.0,1.0,5.0,3.0,8.0,9.0,22.0,0.0,8.0,0.0,15.0
2015-12-03,45.92612166666665,42.49903690476191,0.0,2.0,0.0,0.0,0.0,3.0,1.0,31.0,1.0,1.0,1.0,8.0,0.0,0.0,1.0,82.0,4.0,43.0,2.0,10.0,4.0,7.0,6.0,64.0,1.0,57.0,1.0,246.0,2.0,104.0,11.0,875.0,43.0,547.0,0.0,10.0,16.0,49.0,4.0,17.0,3.0,7.0,9.0,30.0,0.0,6.0,0.0,5.0
2015-12-06,45.765665952380935,42.492153095238095,12.0,9.0,8.0,13.0,19.0,13.0,17.0,33.0,0.0,3.0,1.0,0.0,2.0,0.0,1.0,20.0,4.0,11.0,1.0,11.0,1.0,0.0,4.0,11.0,3.0,34.0,3.0,25.0,2.0,11.0,5.0,42.0,26.0,37.0,1.0,3.0,57.0,5.0,7.0,5.0,10.0,5.0,25.0,19.0,4.0,0.0,2.0,8.0
2015-12-07,46.736503809523796,42.871614285714294,8.0,29.0,3.0,26.0,0.0,19.0,26.0,22.0,0.0,4.0,1.0,8.0,0.0,1.0,16.0,52.0,19.0,28.0,5.0,13.0,2.0,2.0,1.0,7.0,15.0,34.0,12.0,44.0,14.0,21.0,11.0,26.0,36.0,48.0,9.0,20.0,60.0,21.0,11.0,7.0,2.0,7.0,21.0,17.0,0.0,3.0,1.0,10.0
2015-12-10,46.84744333333332,43.32369523809525,2.0,21.0,4.0,19.0,16.0,0.0,29.0,71.0,1.0,29.0,2.0,5.0,0.0,3.0,6.0,44.0,7.0,51.0,4.0,21.0,0.0,1.0,8.0,5.0,5.0,78.0,1.0,49.0,4.0,29.0,5.0,58.0,90.0,38.0,2.0,26.0,75.0,31.0,2.0,11.0,8.0,11.0,12.0,34.0,1.0,9.0,1.0,12.0
2015-12-11,46.72799571428569,43.21390333333335,0.0,25.0,0.0,23.0,0.0,5.0,17.0,69.0,0.0,39.0,0.0,5.0,0.0,7.0,0.0,38.0,6.0,53.0,1.0,6.0,2.0,5.0,4.0,8.0,3.0,42.0,0.0,90.0,4.0,43.0,0.0,33.0,7.0,65.0,1.0,11.0,37.0,39.0,6.0,12.0,2.0,5.0,6.0,27.0,2.0,7.0,2.0,12.0
2015-12-13,45.75044666666664,42.30282761904764,0.0,7.0,7.0,8.0,7.0,4.0,21.0,24.0,0.0,9.0,2.0,2.0,0.0,0.0,1.0,12.0,5.0,7.0,3.0,7.0,1.0,0.0,1.0,3.0,11.0,9.0,0.0,7.0,1.0,4.0,24.0,8.0,29.0,8.0,1.0,1.0,52.0,4.0,2.0,0.0,1.0,3.0,1.0,11.0,0.0,1.0,1.0,1.0
2015-12-14,45.14912047619045,40.387867142857154,11.0,18.0,15.0,25.0,2.0,13.0,22.0,52.0,1.0,13.0,0.0,5.0,0.0,7.0,4.0,24.0,35.0,37.0,7.0,27.0,7.0,5.0,14.0,5.0,6.0,40.0,3.0,52.0,17.0,22.0,33.0,20.0,57.0,60.0,8.0,15.0,72.0,20.0,4.0,10.0,9.0,10.0,13.0,23.0,2.0,7.0,6.0,3.0
2015-12-15,45.107012380952355,38.06813190476191,29.0,35.0,9.0,8.0,9.0,4.0,15.0,101.0,4.0,14.0,9.0,1.0,0.0,3.0,5.0,53.0,22.0,304.0,7.0,11.0,5.0,0.0,3.0,9.0,17.0,77.0,16.0,78.0,26.0,286.0,10.0,54.0,19.0,57.0,10.0,7.0,109.0,6.0,17.0,8.0,23.0,35.0,34.0,36.0,4.0,13.0,6.0,16.0
2015-12-16,44.522351190476165,37.43184452380954,5.0,9.0,1.0,17.0,5.0,3.0,26.0,561.0,4.0,82.0,0.0,10.0,4.0,13.0,5.0,118.0,148.0,2144.0,14.0,51.0,4.0,10.0,6.0,29.0,12.0,104.0,5.0,128.0,139.0,2149.0,2.0,36.0,38.0,92.0,1.0,69.0,53.0,30.0,5.0,21.0,30.0,193.0,38.0,201.0,8.0,60.0,11.0,70.0
2015-12-17,43.98174071428569,36.48691579365081,26.0,20.0,4.0,0.0,0.0,0.0,6.0,51.0,0.0,28.0,2.0,5.0,0.0,0.0,0.0,37.0,7.0,54.0,2.0,14.0,1.0,9.0,1.0,29.0,5.0,63.0,2.0,67.0,3.0,48.0,7.0,13.0,35.0,39.0,5.0,11.0,69.0,7.0,18.0,12.0,6.0,15.0,12.0,18.0,0.0,14.0,6.0,27.0
2015-12-18,43.03841499999998,34.66931674603176,2.0,22.0,2.0,28.0,1.0,8.0,9.0,58.0,3.0,47.0,2.0,8.0,2.0,10.0,3.0,85.0,7.0,54.0,2.0,5.0,2.0,2.0,2.0,18.0,2.0,84.0,0.0,71.0,3.0,44.0,1.0,57.0,11.0,31.0,1.0,5.0,28.0,12.0,1.0,11.0,1.0,3.0,3.0,12.0,0.0,2.0,3.0,4.0
2015-12-19,42.01272404761903,33.14967103174605,1.0,11.0,0.0,4.0,0.0,1.0,5.0,46.0,0.0,13.0,4.0,3.0,6.0,6.0,1.0,35.0,7.0,49.0,0.0,12.0,1.0,10.0,1.0,20.0,2.0,52.0,0.0,33.0,6.0,45.0,2.0,6.0,4.0,27.0,1.0,6.0,16.0,10.0,2.0,14.0,1.0,6.0,5.0,5.0,2.0,6.0,1.0,7.0
2015-12-20,41.935623095238086,33.346486269841286,3.0,15.0,1.0,7.0,0.0,1.0,12.0,31.0,31.0,92.0,3.0,2.0,30.0,36.0,1.0,39.0,74.0,346.0,0.0,6.0,1.0,7.0,0.0,23.0,3.0,32.0,1.0,35.0,71.0,322.0,4.0,30.0,9.0,46.0,3.0,5.0,20.0,13.0,2.0,6.0,1.0,3.0,1.0,25.0,0.0,6.0,5.0,40.0
2015-12-21,41.729921666666655,34.129167698412715,2.0,21.0,1.0,1.0,0.0,4.0,2.0,57.0,0.0,31.0,0.0,6.0,1.0,9.0,0.0,54.0,0.0,53.0,0.0,8.0,0.0,0.0,1.0,19.0,1.0,33.0,0.0,59.0,0.0,37.0,0.0,27.0,12.0,31.0,0.0,10.0,40.0,14.0,3.0,6.0,1.0,13.0,1.0,17.0,0.0,0.0,1.0,7.0
2015-12-22,41.34586904761904,34.74290079365081,0.0,2.0,1.0,1.0,0.0,0.0,2.0,54.0,0.0,62.0,0.0,4.0,0.0,3.0,0.0,31.0,0.0,57.0,0.0,7.0,0.0,1.0,2.0,7.0,0.0,58.0,0.0,59.0,1.0,52.0,2.0,31.0,5.0,28.0,4.0,8.0,24.0,34.0,2.0,21.0,1.0,8.0,2.0,25.0,0.0,7.0,1.0,7.0
2015-12-23,40.71341928571428,34.377556746031765,0.0,2.0,1.0,1.0,0.0,0.0,11.0,54.0,3.0,21.0,0.0,1.0,4.0,13.0,1.0,26.0,6.0,42.0,2.0,8.0,1.0,1.0,5.0,19.0,1.0,20.0,1.0,99.0,3.0,69.0,1.0,372.0,7.0,556.0,2.0,5.0,52.0,27.0,1.0,2.0,3.0,20.0,3.0,21.0,1.0,3.0,0.0,3.0
2015-12-24,40.09170976190476,33.33466071428573,2.0,42.0,0.0,0.0,0.0,0.0,6.0,92.0,0.0,83.0,0.0,0.0,0.0,4.0,0.0,69.0,2.0,45.0,0.0,8.0,1.0,8.0,2.0,14.0,1.0,55.0,1.0,124.0,0.0,42.0,1.0,17.0,13.0,41.0,1.0,34.0,44.0,25.0,1.0,13.0,0.0,23.0,1.0,62.0,0.0,12.0,0.0,19.0
2015-12-25,40.028989285714275,33.760485000000024,10.0,11.0,0.0,30.0,2.0,11.0,4.0,45.0,0.0,54.0,1.0,4.0,1.0,5.0,0.0,75.0,2.0,57.0,1.0,10.0,0.0,9.0,5.0,30.0,0.0,131.0,0.0,114.0,0.0,56.0,4.0,35.0,12.0,77.0,5.0,4.0,102.0,22.0,2.0,23.0,7.0,28.0,16.0,21.0,0.0,7.0,0.0,7.0
2015-12-26,40.15193833333332,33.94383690476193,0.0,20.0,0.0,4.0,1.0,0.0,1.0,41.0,0.0,23.0,0.0,7.0,0.0,1.0,1.0,41.0,2.0,31.0,0.0,3.0,3.0,5.0,1.0,1.0,0.0,40.0,0.0,69.0,2.0,26.0,1.0,20.0,8.0,16.0,2.0,6.0,30.0,10.0,4.0,10.0,3.0,2.0,1.0,5.0,0.0,4.0,1.0,2.0
2015-12-27,40.24641785714284,34.070215476190505,0.0,0.0,0.0,0.0,0.0,0.0,7.0,11.0,0.0,5.0,3.0,0.0,0.0,4.0,1.0,2.0,5.0,2.0,0.0,1.0,0.0,0.0,1.0,1.0,3.0,13.0,1.0,1.0,5.0,6.0,4.0,1.0,8.0,5.0,1.0,0.0,28.0,5.0,3.0,2.0,0.0,1.0,1.0,2.0,1.0,0.0,0.0,0.0
2015-12-28,39.65538642857141,34.82504261904764,4.0,0.0,5.0,1.0,0.0,0.0,9.0,10.0,1.0,8.0,0.0,1.0,0.0,0.0,0.0,6.0,6.0,5.0,0.0,2.0,0.0,0.0,0.0,4.0,5.0,1.0,5.0,7.0,6.0,9.0,27.0,7.0,20.0,7.0,1.0,0.0,91.0,6.0,1.0,2.0,2.0,0.0,6.0,4.0,0.0,1.0,3.0,1.0
2015-12-29,40.15716571428569,34.77742000000002,4.0,23.0,0.0,0.0,0.0,4.0,3.0,82.0,4.0,22.0,0.0,0.0,0.0,6.0,0.0,34.0,7.0,26.0,0.0,18.0,0.0,9.0,1.0,18.0,0.0,45.0,6.0,56.0,7.0,45.0,6.0,40.0,23.0,26.0,1.0,7.0,59.0,28.0,3.0,18.0,0.0,10.0,5.0,16.0,0.0,2.0,3.0,3.0
2015-12-30,40.18094714285712,34.74617000000002,3.0,2.0,0.0,5.0,3.0,5.0,3.0,46.0,0.0,27.0,3.0,4.0,0.0,7.0,1.0,55.0,1.0,26.0,0.0,2.0,1.0,9.0,2.0,31.0,0.0,50.0,1.0,64.0,0.0,32.0,1.0,17.0,28.0,16.0,3.0,1.0,47.0,11.0,4.0,27.0,5.0,13.0,6.0,14.0,2.0,0.0,1.0,14.0
2015-12-31,40.1191195238095,35.0006485714286,9.0,2.0,0.0,0.0,2.0,1.0,1.0,11.0,0.0,14.0,3.0,1.0,0.0,3.0,0.0,12.0,3.0,2.0,0.0,0.0,0.0,0.0,5.0,1.0,0.0,11.0,2.0,29.0,0.0,4.0,0.0,16.0,3.0,4.0,1.0,1.0,18.0,4.0,5.0,7.0,1.0,1.0,1.0,2.0,4.0,2.0,0.0,0.0
2016-01-01,39.97168142857141,35.25512523809527,19.0,0.0,7.0,0.0,5.0,0.0,7.0,3.0,4.0,2.0,0.0,0.0,0.0,0.0,0.0,3.0,1.0,0.0,0.0,0.0,0.0,0.0,3.0,2.0,0.0,10.0,4.0,1.0,1.0,2.0,0.0,3.0,4.0,15.0,5.0,0.0,4.0,4.0,0.0,0.0,0.0,1.0,13.0,4.0,4.0,0.0,0.0,0.0
2016-01-02,39.86735333333331,35.52347952380955,1.0,0.0,0.0,0.0,0.0,0.0,2.0,10.0,0.0,2.0,0.0,0.0,0.0,2.0,0.0,10.0,2.0,5.0,0.0,2.0,0.0,1.0,1.0,1.0,0.0,7.0,0.0,8.0,2.0,6.0,4.0,7.0,3.0,6.0,2.0,0.0,19.0,5.0,1.0,5.0,0.0,0.0,0.0,2.0,0.0,2.0,0.0,1.0
2016-01-03,39.4202476190476,36.005938095238115,4.0,0.0,3.0,5.0,0.0,0.0,2.0,22.0,0.0,11.0,0.0,2.0,0.0,1.0,0.0,25.0,0.0,32.0,0.0,7.0,0.0,0.0,0.0,17.0,4.0,26.0,4.0,25.0,0.0,36.0,15.0,6.0,50.0,28.0,4.0,4.0,34.0,31.0,4.0,7.0,15.0,12.0,10.0,19.0,0.0,4.0,0.0,5.0
2016-01-04,40.250739999999986,36.40401619047621,12.0,0.0,1.0,1.0,8.0,0.0,4.0,12.0,2.0,8.0,7.0,0.0,2.0,1.0,0.0,8.0,2.0,7.0,1.0,3.0,1.0,0.0,5.0,2.0,7.0,7.0,14.0,30.0,1.0,10.0,16.0,16.0,110.0,17.0,14.0,1.0,83.0,3.0,8.0,2.0,9.0,2.0,13.0,7.0,0.0,2.0,0.0,0.0
2016-01-05,39.974995238095225,36.60055476190478,0.0,3.0,1.0,0.0,0.0,0.0,9.0,15.0,0.0,12.0,0.0,0.0,2.0,1.0,6.0,18.0,2.0,6.0,1.0,2.0,0.0,2.0,1.0,2.0,1.0,11.0,1.0,23.0,0.0,13.0,14.0,36.0,11.0,14.0,0.0,2.0,41.0,1.0,1.0,3.0,4.0,1.0,5.0,5.0,1.0,0.0,4.0,1.0
2016-01-06,39.97074333333332,36.682510476190494,0.0,15.0,2.0,9.0,0.0,0.0,2.0,77.0,1.0,23.0,0.0,0.0,0.0,5.0,2.0,91.0,2.0,60.0,2.0,1.0,1.0,11.0,2.0,35.0,4.0,59.0,0.0,65.0,1.0,42.0,3.0,96.0,13.0,60.0,7.0,36.0,39.0,32.0,0.0,8.0,0.0,26.0,0.0,43.0,1.0,0.0,1.0,13.0
2016-01-07,40.009307619047604,36.607028571428586,20.0,12.0,0.0,4.0,7.0,4.0,4.0,58.0,0.0,67.0,0.0,11.0,1.0,6.0,3.0,49.0,3.0,45.0,0.0,15.0,1.0,7.0,2.0,20.0,5.0,56.0,3.0,63.0,2.0,49.0,1.0,79.0,38.0,78.0,4.0,3.0,69.0,44.0,4.0,28.0,0.0,17.0,10.0,34.0,8.0,8.0,16.0,18.0
2016-01-08,40.4434407142857,37.32527476190477,16.0,0.0,0.0,0.0,15.0,0.0,6.0,6.0,1.0,7.0,1.0,1.0,2.0,1.0,10.0,6.0,29.0,3.0,0.0,1.0,0.0,1.0,16.0,1.0,5.0,9.0,19.0,0.0,17.0,4.0,10.0,8.0,5.0,3.0,3.0,1.0,40.0,3.0,2.0,3.0,0.0,1.0,11.0,1.0,1.0,0.0,15.0,1.0
2016-01-09,41.29065976190475,37.809660952380966,6.0,1.0,5.0,5.0,4.0,3.0,11.0,11.0,0.0,7.0,1.0,0.0,1.0,1.0,1.0,8.0,8.0,7.0,2.0,5.0,8.0,3.0,6.0,5.0,1.0,14.0,13.0,16.0,6.0,6.0,20.0,11.0,22.0,12.0,7.0,7.0,104.0,9.0,6.0,9.0,3.0,5.0,6.0,4.0,22.0,0.0,0.0,2.0
2016-01-10,42.18211190476189,38.58530833333334,1.0,14.0,11.0,9.0,18.0,0.0,4.0,55.0,0.0,48.0,0.0,4.0,7.0,1.0,0.0,60.0,5.0,60.0,0.0,17.0,1.0,7.0,2.0,20.0,0.0,84.0,1.0,42.0,0.0,29.0,3.0,30.0,15.0,34.0,5.0,14.0,75.0,32.0,5.0,38.0,11.0,31.0,12.0,44.0,3.0,4.0,12.0,5.0
2016-01-11,42.15660095238094,37.678852619047625,6.0,6.0,10.0,0.0,0.0,4.0,4.0,38.0,1.0,52.0,0.0,14.0,8.0,10.0,0.0,48.0,10.0,38.0,4.0,4.0,2.0,10.0,5.0,14.0,0.0,36.0,1.0,56.0,6.0,51.0,4.0,17.0,7.0,18.0,1.0,5.0,79.0,2.0,26.0,21.0,10.0,6.0,2.0,19.0,10.0,0.0,7.0,5.0
2016-01-12,42.594468095238085,37.53070357142858,1.0,14.0,4.0,2.0,0.0,2.0,6.0,33.0,3.0,24.0,0.0,7.0,2.0,4.0,2.0,27.0,5.0,31.0,1.0,21.0,1.0,3.0,2.0,13.0,0.0,61.0,0.0,52.0,2.0,25.0,0.0,26.0,6.0,39.0,1.0,14.0,27.0,17.0,1.0,35.0,2.0,5.0,1.0,19.0,0.0,1.0,0.0,5.0
2016-01-13,42.84659476190475,37.43957833333334,1.0,0.0,0.0,0.0,0.0,0.0,6.0,29.0,1.0,9.0,0.0,0.0,2.0,5.0,11.0,29.0,5.0,11.0,1.0,4.0,0.0,0.0,6.0,1.0,1.0,18.0,2.0,24.0,3.0,9.0,4.0,13.0,14.0,7.0,3.0,1.0,58.0,4.0,5.0,7.0,0.0,2.0,0.0,4.0,3.0,2.0,2.0,4.0
2016-01-14,43.14406666666666,38.2800042857143,3.0,1.0,2.0,0.0,0.0,6.0,10.0,67.0,0.0,20.0,0.0,0.0,0.0,1.0,3.0,27.0,2.0,21.0,0.0,8.0,0.0,0.0,5.0,6.0,20.0,11.0,0.0,29.0,1.0,14.0,2.0,21.0,13.0,17.0,0.0,1.0,34.0,8.0,3.0,5.0,2.0,2.0,1.0,1.0,2.0,3.0,0.0,3.0
2016-01-15,42.72913119047619,37.78100047619049,1.0,7.0,3.0,11.0,1.0,4.0,3.0,124.0,1.0,38.0,0.0,0.0,1.0,11.0,4.0,39.0,19.0,299.0,0.0,38.0,2.0,5.0,2.0,20.0,5.0,26.0,1.0,81.0,19.0,284.0,5.0,29.0,9.0,17.0,2.0,13.0,69.0,23.0,2.0,4.0,1.0,7.0,2.0,23.0,0.0,11.0,0.0,19.0
2016-01-16,41.84378642857143,37.70154476190477,6.0,6.0,1.0,15.0,4.0,0.0,6.0,31.0,0.0,7.0,0.0,0.0,0.0,1.0,2.0,16.0,8.0,18.0,1.0,6.0,5.0,1.0,0.0,8.0,0.0,28.0,0.0,20.0,7.0,13.0,4.0,18.0,15.0,19.0,0.0,9.0,40.0,4.0,11.0,11.0,3.0,1.0,8.0,9.0,1.0,7.0,2.0,0.0
2016-01-17,41.17126523809524,37.24493119047621,1.0,4.0,5.0,2.0,5.0,7.0,17.0,9.0,1.0,13.0,3.0,0.0,7.0,8.0,0.0,9.0,23.0,27.0,0.0,7.0,0.0,2.0,13.0,4.0,1.0,17.0,5.0,18.0,15.0,15.0,2.0,19.0,37.0,11.0,1.0,0.0,70.0,3.0,15.0,14.0,1.0,8.0,14.0,28.0,5.0,2.0,9.0,15.0
2016-01-18,40.82330285714285,37.8262292857143,2.0,1.0,0.0,0.0,7.0,0.0,15.0,11.0,2.0,16.0,0.0,2.0,0.0,6.0,5.0,7.0,31.0,14.0,0.0,1.0,0.0,2.0,5.0,5.0,3.0,10.0,7.0,17.0,30.0,22.0,3.0,11.0,11.0,2.0,8.0,2.0,106.0,10.0,7.0,6.0,8.0,2.0,1.0,1.0,9.0,2.0,9.0,3.0
2016-01-19,40.73663261904761,38.98810761904763,9.0,7.0,6.0,1.0,0.0,0.0,7.0,60.0,2.0,25.0,0.0,5.0,7.0,7.0,4.0,22.0,8.0,18.0,8.0,12.0,1.0,12.0,9.0,17.0,5.0,24.0,9.0,58.0,3.0,23.0,1.0,21.0,21.0,2.0,3.0,2.0,42.0,8.0,1.0,8.0,0.0,1.0,10.0,13.0,0.0,3.0,0.0,10.0
2016-01-20,40.85922976190476,39.2698461904762,4.0,0.0,2.0,6.0,1.0,1.0,16.0,29.0,0.0,9.0,1.0,5.0,0.0,6.0,5.0,13.0,10.0,16.0,4.0,7.0,0.0,8.0,13.0,7.0,5.0,13.0,1.0,46.0,5.0,10.0,2.0,12.0,6.0,6.0,0.0,3.0,28.0,21.0,4.0,8.0,1.0,8.0,1.0,15.0,4.0,5.0,0.0,0.0
2016-01-21,41.199728333333326,39.40158325396827,44.0,3.0,10.0,2.0,6.0,0.0,3.0,20.0,0.0,17.0,0.0,3.0,0.0,5.0,10.0,19.0,19.0,15.0,11.0,6.0,3.0,2.0,4.0,6.0,9.0,20.0,0.0,35.0,4.0,13.0,1.0,25.0,5.0,14.0,14.0,3.0,66.0,15.0,10.0,3.0,1.0,3.0,12.0,2.0,5.0,4.0,9.0,2.0
2016-01-22,41.664155952380945,39.19778896825398,11.0,0.0,3.0,3.0,3.0,0.0,1.0,10.0,0.0,7.0,0.0,1.0,0.0,3.0,0.0,3.0,4.0,4.0,2.0,1.0,0.0,0.0,0.0,1.0,0.0,0.0,2.0,4.0,2.0,8.0,1.0,10.0,3.0,1.0,3.0,0.0,49.0,10.0,3.0,3.0,0.0,2.0,4.0,1.0,1.0,0.0,5.0,2.0
2016-01-23,42.2999088095238,38.679874682539705,1.0,0.0,3.0,0.0,0.0,0.0,5.0,6.0,2.0,10.0,0.0,1.0,5.0,9.0,0.0,6.0,4.0,8.0,2.0,5.0,1.0,1.0,6.0,2.0,5.0,13.0,3.0,23.0,2.0,8.0,0.0,24.0,11.0,8.0,2.0,1.0,39.0,5.0,4.0,4.0,1.0,0.0,0.0,2.0,1.0,1.0,2.0,2.0
2016-01-24,42.77825166666666,38.162029444444464,0.0,0.0,1.0,0.0,1.0,0.0,6.0,28.0,2.0,15.0,0.0,0.0,2.0,8.0,0.0,11.0,4.0,6.0,5.0,2.0,2.0,3.0,6.0,7.0,0.0,18.0,0.0,16.0,2.0,7.0,2.0,7.0,6.0,11.0,1.0,1.0,26.0,7.0,1.0,9.0,0.0,5.0,0.0,6.0,2.0,2.0,0.0,9.0
2016-01-25,43.41372023809523,37.529720396825425,0.0,26.0,0.0,4.0,0.0,0.0,4.0,87.0,0.0,34.0,1.0,5.0,2.0,10.0,1.0,16.0,7.0,55.0,0.0,27.0,0.0,6.0,1.0,12.0,3.0,23.0,0.0,90.0,6.0,42.0,1.0,12.0,3.0,9.0,1.0,11.0,26.0,16.0,2.0,36.0,1.0,16.0,4.0,27.0,0.0,2.0,0.0,4.0
2016-01-26,43.74460047619048,36.41691444444447,1.0,0.0,1.0,0.0,0.0,0.0,3.0,4.0,1.0,12.0,0.0,4.0,0.0,2.0,1.0,5.0,0.0,5.0,0.0,1.0,0.0,1.0,0.0,2.0,6.0,6.0,1.0,15.0,4.0,7.0,0.0,4.0,9.0,69.0,4.0,0.0,73.0,5.0,4.0,3.0,2.0,1.0,0.0,44.0,0.0,0.0,1.0,1.0
2016-01-27,43.93691666666666,36.2987858730159,1.0,0.0,1.0,0.0,2.0,0.0,9.0,13.0,1.0,11.0,0.0,2.0,1.0,3.0,0.0,11.0,4.0,11.0,0.0,4.0,0.0,0.0,2.0,3.0,5.0,17.0,0.0,29.0,4.0,10.0,1.0,4.0,16.0,5.0,1.0,1.0,36.0,7.0,3.0,5.0,0.0,1.0,2.0,2.0,1.0,0.0,0.0,1.0
2016-01-28,43.7225657142857,35.48484142857145,0.0,62.0,0.0,0.0,0.0,1.0,5.0,67.0,1.0,15.0,2.0,1.0,3.0,15.0,0.0,26.0,5.0,44.0,1.0,10.0,1.0,5.0,8.0,8.0,3.0,40.0,1.0,78.0,4.0,29.0,1.0,25.0,6.0,18.0,0.0,1.0,38.0,5.0,2.0,7.0,4.0,3.0,6.0,9.0,1.0,0.0,3.0,4.0
2016-01-29,43.94330571428571,35.409083809523835,6.0,20.0,11.0,32.0,3.0,17.0,79.0,383.0,9.0,72.0,1.0,9.0,19.0,87.0,8.0,35.0,314.0,1486.0,10.0,106.0,2.0,32.0,12.0,47.0,8.0,15.0,26.0,62.0,307.0,1432.0,10.0,5.0,15.0,48.0,3.0,10.0,61.0,35.0,6.0,12.0,7.0,22.0,44.0,188.0,5.0,14.0,3.0,21.0
2016-01-30,43.7207038095238,35.69025571428573,0.0,0.0,2.0,1.0,1.0,1.0,0.0,8.0,0.0,13.0,1.0,5.0,0.0,4.0,0.0,6.0,0.0,5.0,0.0,2.0,1.0,1.0,0.0,1.0,6.0,11.0,0.0,8.0,0.0,3.0,0.0,6.0,5.0,3.0,0.0,2.0,17.0,3.0,1.0,4.0,0.0,1.0,0.0,0.0,1.0,0.0,0.0,0.0
2016-01-31,43.355364285714266,36.11409857142859,0.0,1.0,2.0,0.0,1.0,0.0,0.0,14.0,1.0,12.0,0.0,4.0,10.0,13.0,0.0,5.0,13.0,11.0,9.0,4.0,0.0,4.0,2.0,3.0,0.0,36.0,0.0,33.0,3.0,15.0,0.0,9.0,3.0,7.0,0.0,1.0,29.0,1.0,0.0,7.0,0.0,3.0,0.0,8.0,1.0,1.0,0.0,1.0
2016-02-01,43.13369190476188,36.17977619047621,0.0,1.0,0.0,0.0,1.0,0.0,2.0,28.0,3.0,16.0,0.0,3.0,6.0,12.0,0.0,7.0,5.0,11.0,3.0,5.0,0.0,1.0,1.0,4.0,5.0,10.0,2.0,37.0,2.0,12.0,1.0,18.0,1.0,6.0,0.0,0.0,15.0,7.0,1.0,4.0,0.0,1.0,2.0,0.0,1.0,3.0,0.0,0.0
2016-02-02,43.12917999999998,36.7948150793651,3.0,1.0,1.0,1.0,9.0,1.0,5.0,21.0,6.0,21.0,1.0,0.0,16.0,10.0,3.0,3.0,7.0,22.0,1.0,7.0,1.0,4.0,2.0,3.0,4.0,10.0,0.0,25.0,4.0,10.0,1.0,18.0,8.0,4.0,1.0,1.0,335.0,5.0,1.0,3.0,0.0,1.0,1.0,3.0,0.0,2.0,2.0,1.0
2016-02-03,43.117386428571415,37.419376984127005,27.0,4.0,0.0,9.0,1.0,1.0,0.0,78.0,0.0,60.0,1.0,22.0,12.0,27.0,9.0,39.0,1.0,65.0,11.0,22.0,1.0,13.0,10.0,23.0,17.0,30.0,11.0,158.0,0.0,45.0,0.0,19.0,16.0,17.0,1.0,13.0,93.0,15.0,11.0,11.0,1.0,14.0,1.0,42.0,0.0,2.0,13.0,12.0
2016-02-04,43.03925119047618,37.46900698412701,14.0,5.0,0.0,4.0,0.0,1.0,2.0,74.0,1.0,32.0,0.0,9.0,7.0,13.0,5.0,43.0,30.0,75.0,25.0,17.0,0.0,4.0,6.0,31.0,3.0,59.0,1.0,162.0,1.0,34.0,4.0,40.0,84.0,34.0,0.0,19.0,109.0,18.0,5.0,11.0,4.0,12.0,14.0,28.0,0.0,5.0,5.0,5.0
2016-02-05,43.161594999999984,37.26139650793654,19.0,30.0,8.0,30.0,9.0,12.0,26.0,149.0,16.0,103.0,3.0,2.0,25.0,32.0,3.0,100.0,42.0,156.0,4.0,32.0,19.0,13.0,12.0,31.0,21.0,88.0,9.0,267.0,33.0,109.0,10.0,102.0,31.0,35.0,11.0,26.0,352.0,25.0,15.0,38.0,7.0,17.0,9.0,84.0,11.0,11.0,3.0,27.0
2016-02-06,43.227078809523796,37.153876031746066,1.0,20.0,3.0,6.0,0.0,3.0,4.0,135.0,1.0,98.0,0.0,17.0,2.0,37.0,0.0,64.0,1.0,125.0,0.0,25.0,0.0,9.0,0.0,29.0,2.0,106.0,0.0,362.0,0.0,87.0,6.0,73.0,11.0,54.0,1.0,36.0,34.0,28.0,3.0,28.0,0.0,14.0,2.0,39.0,0.0,16.0,0.0,15.0
2016-02-07,43.37799261904761,36.86088698412703,9.0,8.0,3.0,20.0,2.0,5.0,34.0,177.0,2.0,43.0,0.0,6.0,4.0,43.0,1.0,36.0,97.0,603.0,3.0,20.0,4.0,14.0,6.0,28.0,2.0,23.0,7.0,43.0,16.0,132.0,4.0,8.0,12.0,24.0,4.0,14.0,54.0,25.0,4.0,14.0,9.0,9.0,98.0,569.0,2.0,7.0,1.0,10.0
2016-02-08,43.214021190476174,37.01128793650798,8.0,7.0,4.0,6.0,1.0,3.0,18.0,77.0,3.0,44.0,0.0,6.0,3.0,7.0,4.0,30.0,8.0,61.0,4.0,13.0,2.0,5.0,4.0,24.0,7.0,47.0,7.0,196.0,3.0,34.0,2.0,47.0,19.0,16.0,2.0,23.0,188.0,11.0,3.0,14.0,2.0,17.0,2.0,32.0,0.0,4.0,2.0,7.0
2016-02-09,42.64730214285713,36.840810476190526,17.0,17.0,3.0,4.0,0.0,3.0,45.0,103.0,2.0,35.0,0.0,6.0,9.0,11.0,9.0,48.0,14.0,106.0,2.0,42.0,7.0,3.0,8.0,28.0,10.0,42.0,12.0,216.0,9.0,63.0,8.0,47.0,23.0,13.0,7.0,25.0,355.0,19.0,15.0,10.0,7.0,15.0,12.0,24.0,12.0,4.0,9.0,10.0
2016-02-10,42.359439999999985,37.03026952380957,38.0,11.0,13.0,3.0,5.0,0.0,44.0,117.0,3.0,47.0,1.0,14.0,14.0,34.0,6.0,34.0,24.0,109.0,1.0,16.0,20.0,4.0,11.0,22.0,18.0,67.0,11.0,248.0,23.0,65.0,7.0,57.0,42.0,15.0,7.0,25.0,409.0,25.0,20.0,5.0,14.0,22.0,15.0,20.0,4.0,7.0,6.0,4.0
2016-02-11,42.32484238095236,37.834671428571475,9.0,17.0,17.0,1.0,3.0,1.0,18.0,52.0,3.0,31.0,4.0,5.0,3.0,11.0,13.0,28.0,15.0,34.0,5.0,7.0,6.0,3.0,2.0,17.0,11.0,45.0,16.0,128.0,9.0,25.0,8.0,40.0,51.0,11.0,7.0,12.0,314.0,10.0,10.0,8.0,7.0,2.0,13.0,5.0,1.0,4.0,2.0,4.0
2016-02-12,42.00192714285713,38.486482857142896,7.0,1.0,6.0,0.0,5.0,0.0,10.0,8.0,3.0,7.0,1.0,1.0,5.0,7.0,3.0,2.0,8.0,13.0,1.0,5.0,1.0,1.0,3.0,2.0,4.0,9.0,7.0,16.0,3.0,7.0,4.0,2.0,18.0,5.0,4.0,1.0,177.0,5.0,8.0,1.0,5.0,3.0,3.0,2.0,3.0,2.0,1.0,1.0
2016-02-13,42.092819999999975,38.62365047619051,19.0,8.0,7.0,5.0,2.0,0.0,23.0,73.0,4.0,44.0,7.0,6.0,10.0,24.0,8.0,27.0,12.0,58.0,4.0,17.0,11.0,5.0,10.0,41.0,8.0,52.0,7.0,138.0,9.0,36.0,7.0,44.0,26.0,9.0,11.0,19.0,362.0,23.0,33.0,8.0,12.0,9.0,13.0,16.0,1.0,1.0,4.0,6.0
2016-02-14,42.65741071428569,39.14045452380956,34.0,7.0,11.0,11.0,17.0,2.0,35.0,70.0,4.0,20.0,0.0,7.0,1.0,8.0,5.0,19.0,65.0,173.0,8.0,23.0,10.0,15.0,5.0,20.0,9.0,20.0,13.0,122.0,50.0,170.0,0.0,23.0,17.0,9.0,5.0,20.0,256.0,11.0,8.0,13.0,6.0,5.0,15.0,47.0,13.0,9.0,5.0,13.0
2016-02-15,43.03058738095236,39.86814261904765,0.0,0.0,1.0,1.0,1.0,0.0,2.0,7.0,1.0,4.0,1.0,0.0,2.0,0.0,0.0,2.0,4.0,4.0,4.0,2.0,0.0,0.0,0.0,2.0,5.0,1.0,0.0,15.0,1.0,3.0,1.0,13.0,5.0,2.0,1.0,0.0,45.0,4.0,0.0,1.0,1.0,0.0,3.0,1.0,0.0,2.0,0.0,0.0
2016-02-16,42.92070404761903,39.675813095238134,8.0,2.0,1.0,0.0,0.0,1.0,4.0,104.0,6.0,14.0,0.0,1.0,4.0,7.0,0.0,7.0,24.0,69.0,7.0,42.0,0.0,2.0,10.0,0.0,6.0,14.0,1.0,31.0,8.0,47.0,1.0,12.0,21.0,6.0,1.0,10.0,59.0,7.0,5.0,4.0,1.0,7.0,4.0,9.0,0.0,0.0,0.0,1.0
2016-02-17,42.482104523809504,39.17101833333338,7.0,6.0,7.0,4.0,4.0,0.0,20.0,76.0,5.0,20.0,0.0,3.0,3.0,12.0,2.0,7.0,7.0,17.0,2.0,7.0,0.0,1.0,7.0,10.0,12.0,18.0,4.0,30.0,4.0,10.0,5.0,7.0,19.0,18.0,5.0,7.0,190.0,24.0,13.0,4.0,7.0,14.0,11.0,11.0,4.0,0.0,7.0,6.0
2016-02-18,41.94210452380951,38.6689797619048,10.0,16.0,6.0,13.0,8.0,2.0,26.0,196.0,1.0,67.0,0.0,14.0,8.0,17.0,2.0,66.0,11.0,143.0,3.0,32.0,7.0,8.0,2.0,43.0,10.0,103.0,7.0,523.0,7.0,118.0,8.0,88.0,32.0,40.0,4.0,28.0,422.0,44.0,16.0,14.0,11.0,39.0,9.0,56.0,7.0,13.0,3.0,20.0
2016-02-19,41.64704023809524,38.31938833333337,5.0,10.0,7.0,7.0,1.0,2.0,10.0,56.0,1.0,21.0,0.0,2.0,3.0,15.0,1.0,73.0,2.0,96.0,2.0,33.0,3.0,15.0,0.0,36.0,5.0,43.0,3.0,194.0,2.0,51.0,2.0,82.0,14.0,27.0,3.0,14.0,196.0,17.0,7.0,13.0,2.0,4.0,2.0,20.0,1.0,5.0,2.0,15.0
2016-02-20,41.40931499999999,38.39855642857146,10.0,5.0,2.0,4.0,0.0,2.0,9.0,62.0,5.0,32.0,0.0,6.0,4.0,13.0,1.0,55.0,5.0,87.0,1.0,28.0,4.0,10.0,1.0,24.0,8.0,39.0,2.0,151.0,2.0,44.0,5.0,74.0,14.0,24.0,7.0,9.0,191.0,17.0,6.0,4.0,5.0,8.0,4.0,13.0,3.0,2.0,3.0,9.0
2016-02-21,40.91212952380952,38.06920714285718,2.0,7.0,6.0,11.0,5.0,1.0,10.0,31.0,6.0,10.0,0.0,0.0,7.0,6.0,5.0,0.0,18.0,32.0,0.0,15.0,13.0,5.0,2.0,5.0,9.0,32.0,8.0,20.0,16.0,7.0,11.0,9.0,34.0,29.0,5.0,11.0,251.0,29.0,6.0,1.0,8.0,3.0,11.0,15.0,3.0,0.0,6.0,0.0
2016-02-22,40.72006428571428,37.45753952380956,7.0,7.0,10.0,6.0,4.0,1.0,8.0,121.0,22.0,16.0,0.0,1.0,20.0,14.0,10.0,13.0,21.0,59.0,4.0,18.0,2.0,13.0,4.0,18.0,7.0,20.0,7.0,57.0,16.0,27.0,3.0,28.0,28.0,14.0,16.0,8.0,415.0,20.0,27.0,6.0,7.0,9.0,19.0,9.0,5.0,1.0,5.0,12.0
2016-02-23,40.98177571428571,37.694145714285746,1.0,0.0,0.0,1.0,1.0,0.0,1.0,2.0,0.0,6.0,0.0,0.0,3.0,12.0,2.0,4.0,2.0,5.0,1.0,0.0,0.0,1.0,3.0,0.0,0.0,5.0,0.0,4.0,0.0,3.0,2.0,1.0,13.0,4.0,0.0,1.0,56.0,9.0,3.0,3.0,2.0,2.0,0.0,1.0,0.0,2.0,0.0,1.0
2016-02-24,41.886326190476176,38.306213095238135,0.0,3.0,0.0,0.0,0.0,0.0,2.0,43.0,4.0,13.0,0.0,1.0,2.0,5.0,1.0,19.0,4.0,34.0,2.0,18.0,0.0,1.0,1.0,7.0,4.0,14.0,0.0,19.0,1.0,21.0,1.0,11.0,6.0,12.0,0.0,11.0,35.0,8.0,1.0,11.0,0.0,7.0,0.0,15.0,0.0,1.0,0.0,1.0
2016-02-25,42.30474904761904,38.34159547619051,14.0,5.0,11.0,11.0,6.0,8.0,15.0,137.0,27.0,49.0,5.0,13.0,15.0,11.0,16.0,62.0,26.0,126.0,11.0,45.0,1.0,8.0,6.0,33.0,7.0,50.0,9.0,206.0,11.0,54.0,2.0,91.0,14.0,26.0,20.0,15.0,420.0,26.0,18.0,8.0,2.0,10.0,18.0,30.0,9.0,7.0,1.0,14.0
2016-02-26,42.612106428571416,39.29230047619052,21.0,25.0,13.0,6.0,4.0,5.0,47.0,195.0,33.0,56.0,0.0,10.0,25.0,15.0,15.0,74.0,74.0,171.0,9.0,40.0,8.0,15.0,26.0,59.0,26.0,64.0,4.0,166.0,30.0,114.0,5.0,95.0,76.0,38.0,41.0,8.0,1156.0,74.0,42.0,15.0,4.0,22.0,32.0,63.0,8.0,5.0,26.0,5.0
2016-02-27,42.8307326190476,39.112402857142904,0.0,0.0,4.0,0.0,1.0,0.0,3.0,14.0,2.0,7.0,3.0,1.0,4.0,12.0,2.0,1.0,6.0,8.0,3.0,3.0,0.0,1.0,2.0,1.0,3.0,2.0,1.0,3.0,2.0,8.0,2.0,3.0,11.0,1.0,0.0,2.0,60.0,9.0,3.0,2.0,0.0,3.0,4.0,2.0,0.0,0.0,0.0,1.0
2016-02-28,43.06412404761904,38.917046190476235,1.0,0.0,1.0,1.0,1.0,0.0,3.0,16.0,1.0,14.0,1.0,0.0,2.0,7.0,1.0,3.0,2.0,12.0,1.0,3.0,1.0,0.0,0.0,18.0,3.0,12.0,0.0,45.0,1.0,9.0,0.0,3.0,4.0,5.0,0.0,1.0,32.0,14.0,2.0,5.0,0.0,4.0,1.0,2.0,0.0,21.0,0.0,18.0
2016-02-29,42.920272380952376,38.545093571428616,3.0,0.0,59.0,184.0,1.0,24.0,46.0,3.0,5.0,14.0,4.0,0.0,11.0,2.0,0.0,2.0,47.0,16.0,29.0,16.0,10.0,6.0,2.0,2.0,6.0,7.0,21.0,5.0,18.0,17.0,4.0,1.0,20.0,12.0,10.0,4.0,322.0,361.0,2.0,11.0,12.0,3.0,30.0,3.0,1.0,0.0,4.0,35.0
2016-03-01,43.11278095238095,37.889763095238145,10.0,5.0,2.0,3.0,0.0,0.0,11.0,94.0,7.0,17.0,0.0,0.0,5.0,10.0,0.0,13.0,22.0,39.0,22.0,15.0,0.0,3.0,2.0,5.0,6.0,11.0,1.0,26.0,0.0,24.0,2.0,8.0,17.0,15.0,16.0,6.0,61.0,5.0,2.0,5.0,1.0,23.0,1.0,14.0,0.0,7.0,6.0,5.0
2016-03-02,42.8337680952381,36.58594380952386,0.0,3.0,0.0,0.0,0.0,7.0,1.0,50.0,0.0,19.0,0.0,5.0,2.0,6.0,0.0,1.0,1.0,43.0,0.0,17.0,1.0,1.0,1.0,6.0,4.0,6.0,0.0,26.0,0.0,24.0,0.0,10.0,10.0,11.0,0.0,4.0,40.0,3.0,3.0,11.0,3.0,8.0,0.0,12.0,0.0,1.0,0.0,4.0
2016-03-03,43.4034773015873,36.702801269841316,3.0,1.0,1.0,0.0,0.0,0.0,5.0,14.0,3.0,10.0,2.0,2.0,3.0,5.0,0.0,0.0,7.0,9.0,4.0,6.0,1.0,2.0,2.0,0.0,9.0,7.0,1.0,20.0,3.0,5.0,2.0,14.0,12.0,2.0,0.0,2.0,28.0,7.0,2.0,4.0,2.0,4.0,1.0,5.0,1.0,1.0,0.0,1.0
2016-03-04,43.620127539682535,35.980063650793696,11.0,1.0,6.0,1.0,0.0,0.0,24.0,49.0,7.0,21.0,1.0,0.0,8.0,5.0,1.0,4.0,23.0,33.0,10.0,8.0,1.0,3.0,1.0,1.0,4.0,11.0,6.0,18.0,17.0,25.0,7.0,5.0,19.0,7.0,4.0,1.0,108.0,5.0,11.0,6.0,6.0,3.0,13.0,9.0,4.0,3.0,13.0,1.0
2016-03-05,43.774677063492064,35.43443936507942,32.0,19.0,10.0,3.0,24.0,1.0,29.0,144.0,6.0,12.0,1.0,0.0,0.0,6.0,2.0,9.0,20.0,112.0,9.0,61.0,0.0,4.0,4.0,3.0,2.0,14.0,2.0,39.0,6.0,47.0,0.0,4.0,26.0,15.0,4.0,6.0,110.0,17.0,30.0,11.0,3.0,5.0,10.0,25.0,9.0,3.0,0.0,4.0
2016-03-06,43.65807992063492,35.174440793650845,9.0,0.0,5.0,0.0,2.0,1.0,3.0,9.0,0.0,2.0,0.0,0.0,0.0,1.0,0.0,1.0,3.0,4.0,0.0,1.0,0.0,0.0,1.0,1.0,3.0,4.0,0.0,1.0,0.0,4.0,2.0,1.0,7.0,2.0,1.0,0.0,29.0,4.0,1.0,2.0,1.0,1.0,0.0,3.0,0.0,0.0,0.0,0.0
2016-03-07,43.64810873015873,35.40428579365085,2.0,4.0,0.0,0.0,0.0,0.0,3.0,37.0,1.0,14.0,1.0,2.0,3.0,5.0,0.0,3.0,5.0,20.0,3.0,7.0,4.0,1.0,4.0,3.0,3.0,19.0,1.0,4.0,1.0,9.0,1.0,6.0,5.0,12.0,1.0,2.0,42.0,7.0,3.0,7.0,1.0,6.0,0.0,6.0,1.0,0.0,1.0,1.0
2016-03-08,43.34587634920634,36.04480293650799,7.0,1.0,0.0,0.0,0.0,1.0,11.0,80.0,20.0,9.0,0.0,0.0,15.0,7.0,0.0,13.0,41.0,42.0,20.0,18.0,4.0,0.0,4.0,15.0,7.0,20.0,2.0,24.0,15.0,19.0,7.0,8.0,12.0,18.0,1.0,9.0,80.0,6.0,18.0,20.0,10.0,9.0,3.0,22.0,1.0,4.0,0.0,7.0
2016-03-09,42.73050444444444,36.8994205555556,13.0,5.0,6.0,0.0,1.0,5.0,4.0,94.0,6.0,24.0,0.0,0.0,1.0,6.0,1.0,9.0,15.0,57.0,1.0,26.0,3.0,2.0,2.0,2.0,3.0,15.0,1.0,14.0,5.0,31.0,1.0,3.0,20.0,11.0,10.0,4.0,70.0,11.0,10.0,6.0,8.0,13.0,10.0,25.0,3.0,3.0,0.0,2.0
2016-03-10,41.91083952380952,37.350942380952425,2.0,8.0,1.0,0.0,0.0,1.0,3.0,85.0,1.0,168.0,0.0,10.0,1.0,55.0,0.0,10.0,0.0,445.0,0.0,44.0,0.0,0.0,1.0,16.0,7.0,12.0,1.0,47.0,0.0,438.0,0.0,11.0,12.0,16.0,0.0,1.0,30.0,11.0,2.0,8.0,0.0,4.0,1.0,10.0,0.0,9.0,0.0,2.0
2016-03-11,41.85218023809524,37.770178333333384,8.0,1.0,6.0,1.0,6.0,2.0,13.0,17.0,1.0,13.0,0.0,2.0,5.0,7.0,3.0,11.0,6.0,13.0,4.0,6.0,0.0,2.0,3.0,2.0,8.0,14.0,1.0,27.0,2.0,9.0,7.0,12.0,24.0,8.0,6.0,1.0,219.0,5.0,7.0,2.0,6.0,1.0,3.0,5.0,4.0,2.0,2.0,4.0
2016-03-12,41.293285476190476,38.58150071428577,2.0,0.0,10.0,11.0,1.0,0.0,135.0,158.0,9.0,24.0,0.0,0.0,5.0,26.0,12.0,16.0,30.0,49.0,13.0,12.0,1.0,0.0,0.0,24.0,0.0,2.0,1.0,22.0,10.0,53.0,0.0,7.0,40.0,64.0,5.0,4.0,107.0,62.0,7.0,12.0,7.0,23.0,11.0,9.0,0.0,0.0,17.0,4.0
2016-03-13,41.19043904761905,39.44461761904767,3.0,0.0,4.0,0.0,0.0,0.0,50.0,25.0,4.0,4.0,0.0,0.0,2.0,8.0,2.0,9.0,16.0,14.0,6.0,10.0,1.0,1.0,1.0,1.0,2.0,5.0,0.0,8.0,9.0,13.0,0.0,4.0,25.0,10.0,5.0,1.0,114.0,6.0,6.0,1.0,3.0,2.0,11.0,4.0,1.0,2.0,5.0,0.0
2016-03-14,41.075657142857146,39.92597428571434,4.0,1.0,1.0,1.0,0.0,0.0,13.0,17.0,0.0,11.0,0.0,1.0,0.0,5.0,1.0,2.0,2.0,6.0,0.0,3.0,0.0,1.0,1.0,1.0,5.0,2.0,1.0,10.0,1.0,7.0,1.0,6.0,7.0,2.0,0.0,2.0,43.0,6.0,5.0,3.0,0.0,2.0,4.0,1.0,0.0,0.0,0.0,1.0
2016-03-15,40.732800000000005,40.24975857142862,6.0,0.0,5.0,0.0,1.0,0.0,1.0,39.0,5.0,16.0,1.0,1.0,4.0,4.0,1.0,2.0,7.0,20.0,6.0,8.0,1.0,1.0,3.0,3.0,0.0,3.0,0.0,26.0,0.0,11.0,2.0,9.0,64.0,11.0,9.0,1.0,510.0,7.0,8.0,0.0,18.0,2.0,6.0,4.0,7.0,1.0,1.0,1.0
2016-03-16,41.164138095238094,40.63968222222228,6.0,0.0,13.0,2.0,17.0,0.0,35.0,42.0,16.0,20.0,6.0,1.0,11.0,17.0,4.0,6.0,20.0,49.0,1.0,12.0,0.0,1.0,3.0,5.0,1.0,2.0,17.0,25.0,13.0,23.0,6.0,10.0,28.0,10.0,4.0,12.0,573.0,8.0,27.0,1.0,33.0,4.0,35.0,11.0,4.0,4.0,4.0,1.0
2016-03-17,41.95774317460317,40.50850650793656,18.0,10.0,20.0,3.0,8.0,1.0,61.0,57.0,26.0,26.0,0.0,6.0,29.0,11.0,17.0,53.0,49.0,75.0,17.0,23.0,0.0,9.0,9.0,25.0,10.0,20.0,7.0,129.0,28.0,41.0,11.0,70.0,40.0,17.0,27.0,8.0,525.0,12.0,49.0,3.0,14.0,10.0,41.0,8.0,3.0,3.0,5.0,8.0
2016-03-18,41.78970626984126,40.65519507936513,2.0,0.0,3.0,0.0,0.0,0.0,5.0,34.0,2.0,12.0,0.0,0.0,1.0,1.0,2.0,7.0,6.0,19.0,4.0,5.0,0.0,2.0,2.0,3.0,2.0,6.0,0.0,19.0,1.0,12.0,0.0,11.0,17.0,13.0,2.0,6.0,51.0,47.0,4.0,7.0,1.0,2.0,5.0,6.0,1.0,1.0,1.0,0.0
2016-03-19,42.65495865079364,40.46687484126989,15.0,4.0,4.0,3.0,1.0,2.0,53.0,68.0,5.0,10.0,0.0,0.0,13.0,5.0,13.0,7.0,45.0,37.0,15.0,23.0,3.0,3.0,29.0,3.0,0.0,14.0,7.0,23.0,23.0,23.0,0.0,6.0,18.0,8.0,0.0,1.0,77.0,11.0,11.0,7.0,1.0,4.0,20.0,7.0,2.0,7.0,13.0,3.0
2016-03-20,43.1469784126984,40.283148174603234,7.0,4.0,5.0,1.0,5.0,0.0,43.0,27.0,3.0,7.0,0.0,1.0,8.0,9.0,6.0,2.0,22.0,12.0,7.0,5.0,1.0,1.0,2.0,1.0,1.0,7.0,6.0,10.0,4.0,12.0,4.0,4.0,41.0,6.0,2.0,0.0,105.0,11.0,23.0,2.0,5.0,5.0,13.0,3.0,0.0,2.0,0.0,2.0
2016-03-21,44.045868650793636,39.865171507936566,12.0,1.0,7.0,2.0,0.0,1.0,102.0,37.0,18.0,13.0,0.0,2.0,8.0,4.0,4.0,6.0,31.0,7.0,7.0,3.0,1.0,3.0,1.0,2.0,18.0,7.0,8.0,15.0,18.0,10.0,2.0,6.0,10.0,3.0,13.0,1.0,64.0,5.0,20.0,2.0,17.0,1.0,23.0,0.0,5.0,3.0,6.0,0.0
2016-03-22,44.57243912698412,39.37310150793657,2.0,11.0,1.0,9.0,0.0,1.0,0.0,98.0,0.0,34.0,0.0,11.0,0.0,2.0,0.0,262.0,0.0,65.0,0.0,25.0,0.0,8.0,0.0,141.0,0.0,4166.0,0.0,154.0,0.0,73.0,0.0,26.0,6.0,3305.0,0.0,18.0,16.0,44.0,0.0,70.0,0.0,26.0,1.0,106.0,0.0,7.0,0.0,21.0
2016-03-23,44.757042936507936,38.65803500000006,5.0,2.0,1.0,4.0,0.0,0.0,2.0,92.0,2.0,28.0,0.0,7.0,3.0,8.0,0.0,22.0,0.0,72.0,0.0,24.0,0.0,2.0,0.0,9.0,4.0,26.0,1.0,33.0,1.0,29.0,1.0,8.0,6.0,39.0,0.0,4.0,54.0,6.0,3.0,7.0,0.0,11.0,0.0,20.0,0.0,4.0,0.0,1.0
2016-03-24,44.53612547619048,38.54822412698419,18.0,0.0,5.0,2.0,0.0,0.0,19.0,17.0,6.0,16.0,7.0,1.0,5.0,9.0,7.0,8.0,21.0,6.0,11.0,0.0,1.0,0.0,6.0,2.0,4.0,10.0,6.0,20.0,13.0,7.0,6.0,7.0,12.0,15.0,10.0,0.0,74.0,4.0,26.0,1.0,2.0,1.0,2.0,2.0,8.0,2.0,15.0,0.0
2016-03-25,44.85916690476191,37.48996365079371,11.0,0.0,5.0,0.0,0.0,1.0,3.0,13.0,3.0,8.0,6.0,0.0,8.0,3.0,1.0,1.0,53.0,3.0,48.0,1.0,1.0,1.0,8.0,4.0,11.0,4.0,0.0,7.0,3.0,6.0,3.0,3.0,22.0,3.0,7.0,0.0,94.0,1.0,15.0,3.0,3.0,1.0,7.0,1.0,6.0,1.0,6.0,0.0
2016-03-26,44.58331071428572,37.726728650793724,0.0,0.0,1.0,0.0,0.0,0.0,13.0,8.0,0.0,6.0,1.0,0.0,1.0,2.0,4.0,2.0,5.0,2.0,0.0,2.0,0.0,0.0,0.0,0.0,4.0,1.0,0.0,3.0,4.0,1.0,4.0,1.0,26.0,1.0,0.0,0.0,39.0,1.0,4.0,1.0,8.0,0.0,4.0,1.0,0.0,3.0,1.0,0.0
2016-03-27,44.506687380952386,36.806839841269905,0.0,4.0,3.0,0.0,0.0,0.0,2.0,34.0,2.0,22.0,0.0,2.0,2.0,12.0,0.0,19.0,1.0,15.0,0.0,6.0,0.0,2.0,2.0,8.0,1.0,21.0,0.0,31.0,1.0,10.0,0.0,24.0,4.0,20.0,0.0,3.0,20.0,8.0,4.0,1.0,0.0,1.0,0.0,3.0,0.0,2.0,0.0,4.0
2016-03-28,44.25611206349207,36.506610317460385,2.0,1.0,7.0,0.0,10.0,1.0,2.0,20.0,9.0,9.0,0.0,2.0,19.0,7.0,0.0,12.0,10.0,15.0,6.0,3.0,21.0,0.0,3.0,4.0,1.0,23.0,6.0,9.0,2.0,12.0,8.0,16.0,25.0,22.0,8.0,2.0,107.0,6.0,5.0,5.0,8.0,6.0,5.0,11.0,2.0,3.0,0.0,2.0
2016-03-29,44.66150373015874,36.76701555555562,29.0,11.0,3.0,0.0,0.0,1.0,31.0,95.0,24.0,18.0,1.0,5.0,12.0,6.0,33.0,7.0,20.0,61.0,8.0,17.0,0.0,1.0,14.0,5.0,26.0,29.0,57.0,51.0,11.0,31.0,33.0,24.0,27.0,17.0,6.0,4.0,98.0,9.0,9.0,32.0,6.0,16.0,2.0,13.0,9.0,27.0,11.0,1.0
2016-03-30,44.32624134920636,36.55242079365086,26.0,0.0,0.0,1.0,0.0,0.0,5.0,20.0,3.0,9.0,0.0,2.0,0.0,5.0,0.0,4.0,1.0,9.0,0.0,0.0,1.0,2.0,1.0,3.0,1.0,10.0,0.0,7.0,0.0,14.0,6.0,5.0,17.0,5.0,5.0,2.0,61.0,14.0,4.0,9.0,2.0,9.0,2.0,8.0,1.0,1.0,1.0,1.0
2016-03-31,44.1155615873016,36.22485547619055,28.0,6.0,10.0,6.0,10.0,3.0,47.0,42.0,5.0,27.0,1.0,5.0,8.0,19.0,6.0,26.0,16.0,28.0,5.0,9.0,10.0,5.0,8.0,14.0,17.0,24.0,17.0,119.0,7.0,26.0,7.0,29.0,41.0,20.0,8.0,3.0,671.0,129.0,27.0,11.0,22.0,6.0,20.0,13.0,10.0,7.0,4.0,9.0
2016-04-01,43.73754492063493,37.02702023809531,6.0,0.0,0.0,0.0,6.0,0.0,11.0,20.0,10.0,11.0,0.0,2.0,3.0,8.0,0.0,4.0,13.0,14.0,6.0,6.0,0.0,1.0,4.0,1.0,1.0,17.0,0.0,10.0,5.0,6.0,5.0,7.0,9.0,12.0,10.0,1.0,50.0,4.0,10.0,2.0,3.0,0.0,8.0,1.0,3.0,1.0,0.0,0.0
2016-04-02,43.13701730158731,36.52717833333341,3.0,0.0,0.0,0.0,0.0,1.0,8.0,7.0,2.0,4.0,1.0,1.0,5.0,0.0,0.0,2.0,4.0,8.0,1.0,4.0,0.0,0.0,0.0,1.0,0.0,4.0,6.0,1.0,0.0,5.0,0.0,0.0,6.0,3.0,1.0,2.0,43.0,5.0,3.0,3.0,1.0,1.0,1.0,0.0,1.0,0.0,0.0,0.0
2016-04-03,42.64410777777779,36.712993095238176,3.0,0.0,1.0,1.0,1.0,0.0,3.0,20.0,0.0,3.0,8.0,0.0,8.0,1.0,0.0,2.0,7.0,8.0,0.0,6.0,5.0,1.0,3.0,3.0,8.0,10.0,2.0,3.0,2.0,5.0,3.0,0.0,5.0,11.0,9.0,1.0,53.0,3.0,11.0,4.0,1.0,2.0,2.0,3.0,3.0,1.0,0.0,0.0
2016-04-04,42.34894952380954,36.480485952381024,5.0,3.0,0.0,1.0,0.0,0.0,1.0,38.0,0.0,10.0,0.0,3.0,0.0,4.0,1.0,9.0,1.0,11.0,1.0,6.0,0.0,4.0,1.0,1.0,0.0,12.0,0.0,22.0,1.0,9.0,1.0,7.0,1.0,12.0,2.0,4.0,33.0,6.0,2.0,3.0,0.0,3.0,1.0,5.0,0.0,1.0,1.0,5.0
2016-04-05,42.11712690476191,35.76115595238103,13.0,2.0,6.0,0.0,4.0,0.0,17.0,25.0,2.0,9.0,0.0,0.0,10.0,11.0,3.0,5.0,39.0,25.0,23.0,9.0,7.0,1.0,11.0,5.0,3.0,7.0,2.0,11.0,9.0,14.0,1.0,2.0,36.0,5.0,10.0,0.0,127.0,4.0,18.0,2.0,4.0,2.0,31.0,3.0,8.0,2.0,2.0,2.0
2016-04-06,42.71211214285715,35.37334023809532,3.0,1.0,4.0,1.0,0.0,0.0,19.0,26.0,38.0,4.0,8.0,1.0,40.0,8.0,1.0,1.0,52.0,19.0,9.0,5.0,10.0,0.0,1.0,2.0,6.0,5.0,22.0,6.0,30.0,5.0,5.0,3.0,27.0,3.0,10.0,0.0,102.0,3.0,17.0,2.0,22.0,1.0,6.0,4.0,5.0,2.0,11.0,2.0
2016-04-07,43.14447523809525,34.642519523809604,10.0,1.0,15.0,0.0,1.0,6.0,1.0,32.0,10.0,11.0,0.0,4.0,1.0,2.0,0.0,4.0,5.0,14.0,1.0,6.0,0.0,2.0,3.0,3.0,4.0,5.0,1.0,7.0,4.0,5.0,8.0,6.0,8.0,8.0,0.0,5.0,89.0,4.0,10.0,9.0,0.0,2.0,4.0,5.0,1.0,1.0,4.0,3.0
2016-04-08,43.75405333333334,34.691270952381025,4.0,0.0,8.0,1.0,5.0,0.0,2.0,14.0,8.0,7.0,3.0,0.0,14.0,9.0,3.0,5.0,5.0,15.0,1.0,7.0,0.0,7.0,1.0,3.0,1.0,6.0,5.0,20.0,4.0,10.0,0.0,12.0,7.0,5.0,2.0,1.0,65.0,6.0,16.0,6.0,2.0,3.0,6.0,5.0,4.0,2.0,1.0,0.0
2016-04-09,44.2679380952381,34.69907047619055,16.0,1.0,3.0,0.0,2.0,0.0,9.0,10.0,4.0,7.0,0.0,0.0,15.0,13.0,0.0,2.0,2.0,8.0,1.0,2.0,1.0,0.0,1.0,0.0,1.0,10.0,2.0,7.0,1.0,8.0,5.0,0.0,40.0,7.0,19.0,4.0,816.0,3.0,23.0,3.0,14.0,2.0,9.0,2.0,1.0,2.0,10.0,1.0
2016-04-10,45.00477976190477,35.42417976190483,1.0,1.0,0.0,1.0,1.0,1.0,3.0,12.0,2.0,5.0,2.0,0.0,3.0,9.0,2.0,1.0,1.0,6.0,1.0,1.0,0.0,0.0,2.0,2.0,0.0,4.0,0.0,6.0,0.0,4.0,2.0,3.0,7.0,5.0,1.0,0.0,102.0,4.0,11.0,1.0,1.0,2.0,2.0,2.0,1.0,0.0,1.0,2.0
2016-04-11,45.48503595238096,36.37594436507944,1.0,0.0,2.0,2.0,1.0,0.0,1.0,17.0,0.0,9.0,0.0,1.0,2.0,5.0,2.0,3.0,1.0,10.0,1.0,8.0,0.0,1.0,0.0,0.0,2.0,14.0,0.0,6.0,0.0,10.0,0.0,4.0,4.0,2.0,1.0,1.0,31.0,2.0,4.0,6.0,0.0,1.0,0.0,1.0,1.0,1.0,0.0,3.0
2016-04-12,45.55794261904764,36.711067698412776,1.0,1.0,0.0,1.0,0.0,0.0,0.0,17.0,1.0,7.0,0.0,0.0,2.0,7.0,1.0,2.0,1.0,12.0,0.0,4.0,0.0,0.0,0.0,1.0,1.0,12.0,1.0,6.0,0.0,9.0,1.0,4.0,3.0,4.0,0.0,1.0,29.0,11.0,3.0,7.0,2.0,1.0,1.0,3.0,0.0,0.0,0.0,0.0
2016-04-13,45.417915476190494,37.05971626984135,3.0,2.0,3.0,0.0,0.0,0.0,2.0,19.0,7.0,8.0,0.0,0.0,1.0,12.0,0.0,0.0,0.0,16.0,0.0,4.0,0.0,1.0,0.0,4.0,0.0,10.0,0.0,7.0,0.0,9.0,2.0,2.0,11.0,5.0,4.0,2.0,94.0,10.0,5.0,5.0,1.0,2.0,2.0,1.0,2.0,1.0,0.0,0.0
2016-04-14,45.09276785714287,37.36516579365087,0.0,1.0,1.0,0.0,2.0,1.0,2.0,4.0,4.0,5.0,0.0,1.0,1.0,4.0,0.0,2.0,6.0,15.0,0.0,3.0,0.0,2.0,3.0,3.0,0.0,6.0,3.0,5.0,1.0,12.0,3.0,2.0,17.0,4.0,1.0,1.0,73.0,3.0,4.0,1.0,1.0,0.0,5.0,3.0,0.0,4.0,0.0,3.0
2016-04-15,44.81346785714287,37.174093888888954,0.0,0.0,4.0,3.0,2.0,0.0,1.0,19.0,2.0,15.0,0.0,0.0,5.0,9.0,0.0,2.0,2.0,11.0,2.0,4.0,0.0,1.0,3.0,3.0,1.0,15.0,0.0,7.0,0.0,6.0,0.0,5.0,5.0,11.0,1.0,1.0,31.0,13.0,2.0,8.0,1.0,3.0,2.0,5.0,2.0,4.0,0.0,2.0
2016-04-16,44.91899880952382,37.02174817460324,0.0,1.0,1.0,1.0,0.0,5.0,1.0,20.0,2.0,6.0,0.0,1.0,3.0,5.0,0.0,6.0,1.0,9.0,1.0,2.0,0.0,0.0,0.0,2.0,0.0,6.0,0.0,8.0,0.0,8.0,1.0,10.0,8.0,3.0,0.0,0.0,32.0,9.0,1.0,5.0,1.0,0.0,2.0,1.0,0.0,2.0,0.0,0.0
2016-04-17,44.6315242857143,37.016249603174664,19.0,0.0,13.0,0.0,5.0,0.0,7.0,17.0,14.0,9.0,15.0,0.0,26.0,14.0,1.0,1.0,35.0,14.0,16.0,3.0,0.0,0.0,3.0,0.0,0.0,6.0,6.0,7.0,6.0,11.0,0.0,0.0,14.0,1.0,11.0,2.0,95.0,4.0,22.0,3.0,2.0,5.0,19.0,3.0,3.0,1.0,0.0,3.0
2016-04-18,44.177088333333344,36.49727547619053,8.0,0.0,4.0,1.0,10.0,0.0,12.0,7.0,47.0,3.0,6.0,0.0,54.0,9.0,1.0,4.0,66.0,12.0,36.0,5.0,9.0,0.0,14.0,2.0,0.0,5.0,14.0,3.0,6.0,6.0,9.0,0.0,3.0,0.0,6.0,0.0,111.0,2.0,22.0,3.0,12.0,0.0,9.0,1.0,10.0,0.0,8.0,1.0
2016-04-19,44.43071476190477,36.93153166666672,5.0,1.0,1.0,1.0,2.0,2.0,0.0,6.0,0.0,7.0,0.0,0.0,0.0,2.0,1.0,1.0,1.0,15.0,1.0,5.0,0.0,0.0,0.0,3.0,0.0,8.0,3.0,6.0,0.0,10.0,0.0,4.0,9.0,2.0,0.0,0.0,20.0,6.0,1.0,5.0,2.0,1.0,0.0,3.0,0.0,1.0,0.0,0.0
2016-04-20,44.77655666666668,37.69690896825402,1.0,0.0,51.0,1.0,1.0,0.0,2.0,13.0,5.0,7.0,0.0,1.0,1.0,9.0,1.0,4.0,3.0,16.0,2.0,4.0,0.0,1.0,1.0,4.0,0.0,5.0,4.0,10.0,0.0,13.0,0.0,1.0,9.0,4.0,0.0,1.0,35.0,9.0,2.0,7.0,0.0,3.0,3.0,2.0,0.0,5.0,0.0,2.0
2016-04-21,44.68904285714286,37.88232658730164,14.0,0.0,6.0,0.0,8.0,0.0,9.0,24.0,15.0,7.0,0.0,1.0,12.0,9.0,11.0,6.0,26.0,20.0,20.0,7.0,0.0,1.0,18.0,5.0,14.0,5.0,7.0,10.0,4.0,13.0,0.0,3.0,34.0,2.0,10.0,1.0,116.0,4.0,15.0,6.0,6.0,2.0,24.0,3.0,1.0,1.0,5.0,1.0
2016-04-22,44.63999698412699,38.22248071428577,33.0,0.0,6.0,0.0,1.0,1.0,12.0,9.0,1.0,7.0,0.0,1.0,6.0,6.0,4.0,0.0,4.0,14.0,4.0,5.0,0.0,0.0,6.0,4.0,0.0,5.0,2.0,6.0,0.0,9.0,1.0,6.0,8.0,2.0,4.0,1.0,45.0,4.0,2.0,5.0,4.0,2.0,6.0,2.0,0.0,1.0,7.0,1.0
2016-04-23,44.297265555555555,38.706858809523865,3.0,2.0,1.0,0.0,0.0,0.0,1.0,9.0,4.0,4.0,0.0,0.0,6.0,2.0,0.0,4.0,4.0,6.0,4.0,2.0,0.0,1.0,1.0,2.0,1.0,24.0,0.0,1.0,1.0,6.0,0.0,5.0,3.0,6.0,3.0,1.0,16.0,3.0,5.0,7.0,0.0,1.0,2.0,3.0,0.0,0.0,1.0,2.0
2016-04-24,44.070059365079366,38.43994476190482,1.0,0.0,0.0,0.0,0.0,1.0,0.0,21.0,0.0,10.0,0.0,0.0,0.0,5.0,1.0,4.0,1.0,12.0,0.0,5.0,0.0,0.0,2.0,8.0,0.0,10.0,0.0,14.0,1.0,11.0,0.0,9.0,0.0,7.0,0.0,2.0,19.0,12.0,1.0,9.0,0.0,1.0,1.0,3.0,1.0,0.0,1.0,7.0
2016-04-25,43.76862325396826,38.70970952380958,3.0,0.0,2.0,0.0,0.0,0.0,2.0,24.0,2.0,22.0,0.0,0.0,1.0,10.0,1.0,7.0,2.0,16.0,1.0,6.0,1.0,1.0,2.0,4.0,1.0,6.0,1.0,11.0,0.0,8.0,0.0,6.0,5.0,2.0,1.0,2.0,69.0,8.0,3.0,10.0,4.0,2.0,1.0,1.0,8.0,1.0,2.0,2.0
2016-04-26,43.81547087301588,38.93596761904767,10.0,1.0,0.0,0.0,2.0,1.0,7.0,22.0,7.0,9.0,0.0,0.0,2.0,11.0,1.0,3.0,14.0,20.0,10.0,7.0,0.0,0.0,3.0,2.0,0.0,1.0,0.0,1.0,0.0,7.0,2.0,6.0,7.0,4.0,3.0,0.0,62.0,2.0,4.0,3.0,3.0,1.0,5.0,1.0,4.0,2.0,0.0,3.0
2016-04-27,42.97276873015874,39.01806269841275,5.0,2.0,1.0,5.0,0.0,1.0,0.0,16.0,1.0,7.0,0.0,1.0,0.0,1.0,2.0,0.0,5.0,9.0,2.0,4.0,0.0,0.0,0.0,1.0,4.0,23.0,0.0,9.0,2.0,12.0,2.0,4.0,7.0,6.0,2.0,2.0,28.0,4.0,4.0,5.0,0.0,0.0,5.0,0.0,2.0,1.0,0.0,1.0
2016-04-28,43.87793396825398,39.51557698412704,4.0,0.0,4.0,0.0,3.0,0.0,2.0,10.0,3.0,5.0,0.0,0.0,1.0,9.0,0.0,3.0,8.0,7.0,1.0,2.0,0.0,1.0,1.0,7.0,0.0,24.0,0.0,9.0,3.0,17.0,3.0,5.0,12.0,11.0,3.0,2.0,91.0,7.0,15.0,13.0,1.0,2.0,8.0,4.0,2.0,2.0,2.0,2.0
2016-04-29,44.06308150793652,39.56131500000005,22.0,0.0,4.0,1.0,2.0,0.0,22.0,19.0,1.0,11.0,4.0,3.0,0.0,12.0,5.0,4.0,5.0,16.0,2.0,1.0,2.0,1.0,4.0,2.0,0.0,11.0,1.0,5.0,1.0,7.0,5.0,3.0,19.0,3.0,4.0,0.0,127.0,11.0,10.0,7.0,5.0,3.0,8.0,2.0,1.0,2.0,2.0,1.0
2016-04-30,44.71260484126986,39.405996904761956,45.0,1.0,7.0,4.0,21.0,0.0,107.0,17.0,19.0,10.0,0.0,1.0,6.0,7.0,3.0,3.0,50.0,13.0,13.0,1.0,5.0,0.0,3.0,2.0,9.0,12.0,1.0,7.0,23.0,5.0,9.0,4.0,24.0,3.0,0.0,0.0,114.0,9.0,10.0,2.0,12.0,2.0,31.0,1.0,2.0,0.0,8.0,0.0
2016-05-01,45.03495769841271,39.351287380952435,4.0,0.0,2.0,0.0,0.0,1.0,3.0,6.0,4.0,12.0,1.0,1.0,2.0,2.0,0.0,2.0,1.0,5.0,0.0,2.0,0.0,0.0,0.0,1.0,0.0,10.0,0.0,7.0,0.0,9.0,1.0,6.0,4.0,2.0,1.0,0.0,19.0,13.0,3.0,8.0,0.0,2.0,0.0,1.0,0.0,1.0,2.0,1.0
2016-05-02,45.796583571428584,39.763087380952435,2.0,0.0,0.0,0.0,1.0,0.0,4.0,21.0,1.0,14.0,1.0,0.0,0.0,6.0,4.0,5.0,3.0,9.0,2.0,4.0,0.0,2.0,0.0,2.0,2.0,10.0,0.0,13.0,0.0,10.0,1.0,5.0,1.0,6.0,3.0,0.0,26.0,3.0,3.0,6.0,0.0,3.0,0.0,2.0,0.0,1.0,0.0,1.0
2016-05-03,45.502080000000014,39.23702976190482,19.0,0.0,13.0,0.0,0.0,0.0,44.0,29.0,18.0,14.0,6.0,0.0,25.0,20.0,6.0,0.0,80.0,27.0,26.0,11.0,0.0,0.0,7.0,0.0,0.0,8.0,0.0,6.0,16.0,7.0,4.0,2.0,15.0,0.0,0.0,1.0,145.0,9.0,21.0,3.0,2.0,5.0,16.0,2.0,6.0,1.0,10.0,1.0
2016-05-04,45.534765952380965,38.96803261904768,41.0,0.0,13.0,1.0,8.0,0.0,113.0,15.0,36.0,26.0,7.0,0.0,25.0,7.0,14.0,1.0,81.0,21.0,19.0,2.0,3.0,0.0,17.0,1.0,17.0,3.0,29.0,2.0,39.0,4.0,6.0,4.0,16.0,1.0,6.0,0.0,113.0,0.0,34.0,0.0,10.0,1.0,30.0,3.0,6.0,0.0,14.0,0.0
2016-05-05,44.521511904761915,39.28200547619054,3.0,0.0,0.0,0.0,0.0,1.0,2.0,18.0,1.0,17.0,0.0,1.0,3.0,2.0,3.0,5.0,1.0,5.0,0.0,3.0,1.0,0.0,0.0,0.0,2.0,15.0,1.0,4.0,0.0,5.0,0.0,9.0,3.0,3.0,0.0,3.0,29.0,3.0,4.0,14.0,0.0,3.0,0.0,2.0,1.0,4.0,0.0,1.0
2016-05-06,43.961519603174615,39.369652222222285,2.0,3.0,2.0,2.0,0.0,0.0,1.0,27.0,2.0,15.0,0.0,1.0,2.0,7.0,0.0,5.0,0.0,5.0,0.0,4.0,1.0,0.0,2.0,2.0,0.0,8.0,0.0,13.0,0.0,6.0,2.0,8.0,3.0,6.0,2.0,0.0,46.0,3.0,4.0,5.0,0.0,4.0,0.0,1.0,0.0,3.0,0.0,2.0
2016-05-07,43.32211293650795,39.779313174603246,26.0,8.0,11.0,5.0,2.0,0.0,51.0,168.0,33.0,75.0,0.0,9.0,24.0,10.0,0.0,30.0,39.0,69.0,7.0,33.0,0.0,2.0,0.0,13.0,9.0,45.0,1.0,48.0,27.0,39.0,3.0,0.0,26.0,8.0,14.0,10.0,174.0,5.0,29.0,14.0,3.0,8.0,30.0,9.0,1.0,1.0,0.0,6.0
2016-05-08,42.53875293650795,40.37519317460325,15.0,22.0,15.0,12.0,0.0,9.0,56.0,123.0,4.0,5.0,0.0,0.0,18.0,14.0,13.0,3.0,31.0,15.0,15.0,7.0,2.0,4.0,3.0,18.0,2.0,16.0,10.0,13.0,15.0,7.0,1.0,10.0,17.0,15.0,0.0,21.0,55.0,447.0,18.0,16.0,3.0,5.0,18.0,2.0,7.0,7.0,10.0,0.0
2016-05-09,42.340094126984134,40.68409484126992,1.0,1.0,1.0,0.0,1.0,0.0,4.0,21.0,0.0,13.0,1.0,1.0,0.0,1.0,2.0,5.0,1.0,12.0,1.0,4.0,0.0,0.0,0.0,1.0,1.0,26.0,0.0,9.0,0.0,20.0,1.0,3.0,1.0,7.0,1.0,0.0,45.0,5.0,6.0,15.0,2.0,3.0,1.0,4.0,0.0,1.0,0.0,0.0
2016-05-10,42.64469365079366,41.58312365079372,6.0,0.0,3.0,1.0,1.0,0.0,2.0,42.0,1.0,21.0,1.0,2.0,0.0,10.0,0.0,6.0,1.0,16.0,1.0,7.0,0.0,1.0,1.0,6.0,1.0,18.0,2.0,14.0,0.0,20.0,0.0,4.0,7.0,2.0,1.0,3.0,40.0,19.0,0.0,5.0,2.0,2.0,1.0,3.0,1.0,1.0,0.0,4.0
2016-05-11,43.07353174603175,42.060810793650866,22.0,1.0,25.0,2.0,11.0,0.0,60.0,23.0,28.0,27.0,10.0,4.0,13.0,20.0,12.0,1.0,35.0,19.0,14.0,5.0,9.0,0.0,19.0,1.0,10.0,9.0,9.0,6.0,16.0,9.0,7.0,0.0,58.0,5.0,11.0,3.0,152.0,3.0,34.0,2.0,5.0,0.0,41.0,5.0,8.0,0.0,12.0,1.0
2016-05-12,42.60175436507937,41.67097198412705,11.0,0.0,20.0,5.0,15.0,1.0,135.0,58.0,13.0,24.0,7.0,5.0,10.0,4.0,2.0,15.0,130.0,51.0,5.0,33.0,14.0,14.0,31.0,15.0,8.0,22.0,4.0,72.0,31.0,26.0,37.0,81.0,34.0,13.0,10.0,21.0,239.0,2.0,67.0,18.0,26.0,17.0,30.0,19.0,6.0,4.0,19.0,4.0
2016-05-13,43.05787595238096,41.65294690476197,6.0,0.0,3.0,0.0,1.0,0.0,16.0,8.0,5.0,5.0,1.0,2.0,9.0,0.0,0.0,2.0,16.0,4.0,1.0,3.0,0.0,2.0,0.0,3.0,4.0,15.0,5.0,6.0,0.0,1.0,5.0,2.0,12.0,3.0,0.0,0.0,79.0,3.0,16.0,7.0,10.0,1.0,1.0,2.0,2.0,3.0,4.0,1.0
2016-05-14,43.100767857142856,42.15375880952387,5.0,1.0,5.0,0.0,0.0,0.0,2.0,32.0,2.0,19.0,0.0,1.0,2.0,6.0,1.0,11.0,4.0,15.0,2.0,5.0,0.0,2.0,2.0,6.0,1.0,11.0,0.0,16.0,2.0,15.0,6.0,3.0,19.0,3.0,3.0,2.0,86.0,9.0,12.0,3.0,1.0,5.0,0.0,0.0,0.0,4.0,0.0,4.0
2016-05-15,43.71214714285714,42.33825380952386,43.0,1.0,24.0,8.0,26.0,0.0,73.0,34.0,20.0,23.0,3.0,1.0,18.0,7.0,6.0,8.0,45.0,19.0,21.0,12.0,24.0,3.0,18.0,3.0,17.0,9.0,14.0,18.0,24.0,31.0,9.0,14.0,93.0,6.0,21.0,2.0,693.0,164.0,41.0,12.0,21.0,15.0,45.0,2.0,6.0,1.0,20.0,3.0
2016-05-16,43.59769428571429,42.29682500000006,52.0,0.0,39.0,0.0,27.0,0.0,99.0,15.0,19.0,6.0,22.0,0.0,21.0,1.0,15.0,5.0,35.0,7.0,5.0,4.0,43.0,2.0,19.0,4.0,18.0,7.0,15.0,6.0,24.0,7.0,13.0,3.0,73.0,2.0,24.0,1.0,750.0,3.0,38.0,9.0,25.0,2.0,57.0,4.0,17.0,0.0,18.0,1.0
2016-05-17,43.03238984126985,42.13927761904768,0.0,0.0,3.0,0.0,0.0,0.0,0.0,11.0,3.0,21.0,0.0,0.0,7.0,3.0,1.0,2.0,7.0,16.0,2.0,2.0,0.0,2.0,1.0,0.0,2.0,14.0,2.0,8.0,2.0,10.0,1.0,2.0,7.0,2.0,0.0,2.0,72.0,4.0,5.0,6.0,4.0,1.0,2.0,0.0,0.0,1.0,0.0,4.0
2016-05-18,42.736224603174605,41.52571523809531,3.0,0.0,0.0,0.0,0.0,0.0,2.0,18.0,1.0,25.0,3.0,0.0,3.0,8.0,1.0,8.0,6.0,8.0,3.0,5.0,1.0,0.0,1.0,2.0,0.0,13.0,0.0,13.0,1.0,8.0,1.0,3.0,18.0,6.0,1.0,1.0,69.0,12.0,2.0,7.0,1.0,4.0,5.0,3.0,0.0,1.0,2.0,0.0
2016-05-19,43.146261746031755,41.68880690476198,28.0,1.0,14.0,0.0,9.0,0.0,63.0,32.0,22.0,26.0,7.0,0.0,25.0,12.0,0.0,9.0,52.0,16.0,7.0,6.0,14.0,0.0,21.0,4.0,12.0,15.0,11.0,8.0,37.0,13.0,11.0,4.0,41.0,15.0,7.0,2.0,163.0,6.0,20.0,5.0,30.0,3.0,38.0,7.0,11.0,0.0,16.0,3.0
2016-05-20,42.72838817460318,41.57551166666674,29.0,1.0,16.0,4.0,16.0,0.0,53.0,14.0,17.0,13.0,1.0,2.0,17.0,4.0,2.0,4.0,42.0,8.0,5.0,2.0,17.0,0.0,22.0,1.0,12.0,30.0,0.0,7.0,22.0,7.0,2.0,4.0,44.0,5.0,28.0,0.0,126.0,6.0,42.0,12.0,4.0,1.0,31.0,2.0,6.0,0.0,13.0,0.0
2016-05-21,42.822995793650804,40.953433571428654,2.0,0.0,2.0,1.0,3.0,1.0,2.0,6.0,1.0,3.0,3.0,0.0,9.0,0.0,2.0,1.0,5.0,4.0,1.0,2.0,0.0,0.0,5.0,1.0,1.0,25.0,1.0,2.0,3.0,7.0,3.0,1.0,8.0,12.0,0.0,0.0,66.0,7.0,5.0,3.0,2.0,0.0,1.0,3.0,0.0,0.0,1.0,0.0
2016-05-22,42.50306603174604,40.50548380952389,2.0,1.0,31.0,1.0,0.0,1.0,3.0,26.0,3.0,33.0,2.0,1.0,6.0,12.0,0.0,2.0,2.0,15.0,1.0,5.0,0.0,0.0,1.0,0.0,1.0,21.0,0.0,9.0,1.0,9.0,9.0,3.0,1.0,2.0,1.0,0.0,87.0,9.0,6.0,6.0,4.0,6.0,3.0,1.0,1.0,1.0,1.0,0.0
2016-05-23,42.434299285714296,40.25247619047627,21.0,1.0,6.0,0.0,20.0,8.0,57.0,21.0,22.0,28.0,0.0,1.0,28.0,14.0,10.0,5.0,31.0,23.0,2.0,15.0,3.0,0.0,0.0,1.0,20.0,12.0,12.0,4.0,17.0,7.0,2.0,15.0,70.0,4.0,13.0,1.0,170.0,9.0,28.0,11.0,4.0,1.0,37.0,6.0,14.0,3.0,10.0,2.0
2016-05-24,42.777301349206354,40.010497619047705,44.0,1.0,6.0,0.0,9.0,0.0,60.0,15.0,61.0,38.0,8.0,1.0,33.0,7.0,14.0,2.0,62.0,10.0,37.0,7.0,4.0,0.0,22.0,1.0,12.0,10.0,4.0,8.0,14.0,2.0,0.0,2.0,24.0,7.0,0.0,0.0,112.0,7.0,35.0,7.0,15.0,0.0,69.0,1.0,1.0,2.0,14.0,0.0
2016-05-25,43.25669753968254,39.86405000000008,20.0,0.0,14.0,1.0,5.0,0.0,39.0,12.0,5.0,15.0,5.0,2.0,15.0,1.0,5.0,2.0,24.0,7.0,8.0,6.0,1.0,1.0,2.0,0.0,7.0,13.0,15.0,12.0,9.0,10.0,4.0,4.0,27.0,9.0,8.0,3.0,324.0,3.0,11.0,6.0,3.0,4.0,4.0,2.0,4.0,0.0,4.0,0.0
2016-05-26,43.80307468253968,39.319650476190546,6.0,1.0,2.0,1.0,2.0,0.0,6.0,27.0,3.0,16.0,0.0,0.0,3.0,13.0,2.0,8.0,3.0,11.0,0.0,3.0,0.0,3.0,1.0,2.0,1.0,14.0,1.0,11.0,2.0,6.0,2.0,5.0,5.0,2.0,1.0,1.0,52.0,10.0,7.0,14.0,2.0,3.0,3.0,3.0,0.0,1.0,0.0,1.0
2016-05-27,44.2757753968254,38.61595952380959,22.0,0.0,14.0,1.0,21.0,0.0,44.0,37.0,15.0,25.0,21.0,2.0,24.0,13.0,8.0,9.0,40.0,23.0,11.0,7.0,10.0,3.0,14.0,1.0,8.0,7.0,7.0,7.0,9.0,8.0,2.0,3.0,50.0,5.0,15.0,0.0,179.0,6.0,12.0,6.0,4.0,4.0,18.0,7.0,6.0,2.0,29.0,3.0
2016-05-28,44.59789825396826,38.41273619047626,24.0,3.0,14.0,1.0,9.0,0.0,95.0,62.0,49.0,25.0,8.0,2.0,51.0,21.0,3.0,22.0,57.0,72.0,11.0,39.0,15.0,17.0,15.0,7.0,8.0,33.0,20.0,106.0,46.0,27.0,6.0,26.0,39.0,15.0,24.0,13.0,132.0,12.0,26.0,15.0,12.0,29.0,4.0,21.0,5.0,4.0,0.0,3.0
2016-05-29,45.304788253968255,37.95251000000007,9.0,3.0,4.0,1.0,14.0,0.0,10.0,26.0,15.0,15.0,3.0,1.0,11.0,7.0,0.0,16.0,13.0,47.0,7.0,24.0,0.0,6.0,0.0,7.0,1.0,27.0,3.0,84.0,2.0,23.0,0.0,18.0,8.0,12.0,0.0,5.0,177.0,12.0,8.0,10.0,8.0,17.0,1.0,6.0,9.0,3.0,1.0,3.0
2016-05-30,45.84532166666667,37.83307547619055,6.0,1.0,0.0,0.0,0.0,0.0,5.0,24.0,8.0,18.0,4.0,1.0,14.0,6.0,2.0,6.0,6.0,12.0,2.0,4.0,1.0,1.0,2.0,3.0,0.0,5.0,1.0,43.0,4.0,12.0,0.0,1.0,16.0,4.0,1.0,2.0,50.0,3.0,8.0,5.0,4.0,3.0,2.0,1.0,2.0,0.0,2.0,0.0
2016-05-31,45.98491150793651,37.6203110317461,7.0,6.0,13.0,0.0,18.0,0.0,28.0,39.0,8.0,43.0,3.0,1.0,7.0,18.0,4.0,12.0,5.0,28.0,2.0,12.0,5.0,2.0,7.0,12.0,1.0,23.0,11.0,32.0,8.0,28.0,3.0,18.0,14.0,7.0,14.0,1.0,62.0,10.0,15.0,12.0,12.0,6.0,2.0,3.0,2.0,2.0,0.0,0.0
2016-06-01,46.19966293650794,38.087335079365154,50.0,9.0,35.0,0.0,17.0,1.0,74.0,17.0,46.0,20.0,5.0,0.0,17.0,3.0,9.0,4.0,66.0,7.0,29.0,3.0,5.0,1.0,23.0,2.0,4.0,12.0,9.0,14.0,32.0,9.0,12.0,1.0,52.0,2.0,6.0,1.0,240.0,4.0,40.0,15.0,17.0,5.0,5.0,0.0,20.0,3.0,24.0,2.0
2016-06-02,45.91089412698413,38.704195198412776,6.0,0.0,1.0,0.0,1.0,0.0,3.0,12.0,4.0,11.0,2.0,1.0,4.0,4.0,3.0,8.0,5.0,4.0,2.0,2.0,0.0,1.0,2.0,1.0,1.0,9.0,2.0,13.0,1.0,8.0,3.0,4.0,9.0,8.0,1.0,1.0,52.0,5.0,2.0,4.0,1.0,2.0,3.0,1.0,0.0,2.0,1.0,8.0
2016-06-03,45.66735555555556,38.77407186507945,6.0,0.0,2.0,0.0,1.0,0.0,2.0,40.0,1.0,20.0,0.0,1.0,0.0,9.0,0.0,6.0,0.0,5.0,0.0,3.0,2.0,3.0,0.0,4.0,0.0,8.0,2.0,7.0,0.0,8.0,2.0,2.0,9.0,7.0,1.0,0.0,54.0,7.0,5.0,5.0,4.0,5.0,7.0,3.0,1.0,1.0,0.0,0.0
2016-06-04,45.40784507936508,38.38665043650802,39.0,0.0,5.0,0.0,11.0,3.0,31.0,31.0,10.0,33.0,1.0,0.0,9.0,9.0,12.0,8.0,9.0,14.0,4.0,11.0,6.0,1.0,0.0,3.0,10.0,19.0,5.0,13.0,0.0,16.0,4.0,2.0,28.0,10.0,6.0,0.0,105.0,4.0,13.0,8.0,4.0,2.0,4.0,3.0,0.0,4.0,10.0,2.0
2016-06-05,45.132046507936515,38.47860376984136,4.0,0.0,3.0,0.0,1.0,0.0,10.0,27.0,0.0,12.0,0.0,4.0,0.0,4.0,1.0,1.0,0.0,4.0,0.0,3.0,0.0,1.0,2.0,4.0,0.0,5.0,2.0,10.0,0.0,7.0,0.0,3.0,4.0,5.0,4.0,0.0,36.0,1.0,3.0,7.0,4.0,2.0,2.0,3.0,0.0,0.0,2.0,2.0
2016-06-06,44.64056944444445,38.15581115079374,0.0,1.0,2.0,0.0,1.0,0.0,2.0,2.0,0.0,4.0,2.0,0.0,0.0,2.0,1.0,0.0,0.0,5.0,0.0,0.0,0.0,1.0,0.0,0.0,2.0,4.0,0.0,3.0,0.0,5.0,0.0,0.0,8.0,0.0,0.0,0.0,41.0,1.0,8.0,2.0,3.0,2.0,0.0,1.0,0.0,0.0,0.0,0.0
2016-06-07,45.05037055555556,38.29482869047628,5.0,0.0,10.0,0.0,1.0,5.0,31.0,23.0,4.0,41.0,0.0,1.0,6.0,21.0,3.0,6.0,10.0,42.0,2.0,13.0,3.0,2.0,5.0,3.0,13.0,25.0,13.0,14.0,8.0,14.0,11.0,5.0,33.0,8.0,10.0,0.0,406.0,7.0,15.0,7.0,13.0,11.0,12.0,6.0,2.0,2.0,3.0,4.0
2016-06-08,44.538965000000005,37.96254765873025,29.0,0.0,21.0,0.0,52.0,0.0,107.0,28.0,49.0,41.0,8.0,2.0,62.0,11.0,9.0,8.0,86.0,26.0,27.0,17.0,6.0,1.0,11.0,2.0,18.0,32.0,13.0,7.0,44.0,20.0,10.0,1.0,73.0,15.0,33.0,0.0,649.0,6.0,53.0,9.0,25.0,6.0,61.0,5.0,8.0,2.0,22.0,4.0
2016-06-09,44.51047142857143,37.11591849206358,22.0,0.0,12.0,1.0,12.0,0.0,63.0,11.0,45.0,16.0,6.0,0.0,37.0,6.0,31.0,9.0,71.0,6.0,26.0,2.0,6.0,0.0,13.0,4.0,15.0,14.0,11.0,5.0,25.0,13.0,5.0,0.0,78.0,2.0,21.0,0.0,119.0,5.0,45.0,7.0,11.0,4.0,32.0,0.0,0.0,1.0,26.0,0.0
2016-06-10,44.77782555555556,37.301925793650874,13.0,2.0,5.0,2.0,12.0,0.0,4.0,13.0,1.0,25.0,0.0,0.0,0.0,1.0,5.0,10.0,6.0,6.0,3.0,2.0,0.0,0.0,1.0,1.0,2.0,8.0,4.0,7.0,0.0,8.0,3.0,2.0,9.0,4.0,1.0,1.0,185.0,4.0,10.0,7.0,8.0,2.0,1.0,0.0,8.0,0.0,0.0,1.0
2016-06-11,44.640348650793655,37.61741769841278,2.0,0.0,0.0,0.0,3.0,0.0,2.0,19.0,2.0,33.0,0.0,4.0,4.0,3.0,1.0,11.0,1.0,8.0,0.0,5.0,1.0,0.0,2.0,2.0,1.0,15.0,0.0,11.0,0.0,12.0,1.0,15.0,6.0,7.0,0.0,1.0,35.0,17.0,2.0,15.0,4.0,4.0,2.0,7.0,3.0,2.0,4.0,2.0
2016-06-12,44.92147912698413,37.062001507936586,1.0,1.0,1.0,1.0,9.0,0.0,47.0,24.0,17.0,21.0,17.0,0.0,10.0,1.0,10.0,11.0,56.0,5.0,25.0,2.0,28.0,0.0,17.0,1.0,39.0,88.0,9.0,3.0,30.0,16.0,69.0,11.0,365.0,69.0,9.0,3.0,133.0,6.0,36.0,7.0,22.0,1.0,51.0,1.0,12.0,0.0,0.0,0.0
2016-06-13,45.08759666666667,37.062800079365154,22.0,0.0,14.0,0.0,24.0,0.0,103.0,7.0,22.0,5.0,12.0,0.0,5.0,0.0,34.0,5.0,32.0,4.0,9.0,1.0,5.0,0.0,8.0,0.0,42.0,28.0,6.0,4.0,20.0,10.0,30.0,1.0,255.0,21.0,16.0,2.0,203.0,5.0,17.0,6.0,9.0,1.0,23.0,3.0,24.0,1.0,15.0,1.0
2016-06-14,44.81558555555556,36.86407047619055,0.0,0.0,1.0,0.0,1.0,1.0,3.0,27.0,1.0,8.0,0.0,0.0,0.0,0.0,0.0,5.0,1.0,8.0,1.0,4.0,0.0,0.0,2.0,1.0,2.0,44.0,1.0,9.0,0.0,6.0,3.0,19.0,21.0,17.0,1.0,1.0,46.0,4.0,10.0,2.0,1.0,5.0,4.0,2.0,1.0,0.0,0.0,2.0
2016-06-15,45.10157242063492,37.291562460317536,4.0,0.0,3.0,0.0,1.0,0.0,2.0,18.0,0.0,18.0,0.0,2.0,0.0,9.0,1.0,15.0,1.0,9.0,1.0,2.0,0.0,0.0,1.0,0.0,0.0,37.0,2.0,2.0,0.0,7.0,2.0,16.0,17.0,23.0,3.0,2.0,58.0,5.0,5.0,11.0,0.0,4.0,1.0,4.0,2.0,1.0,2.0,1.0
2016-06-16,45.718342261904766,38.27064023809532,46.0,0.0,26.0,0.0,1.0,0.0,26.0,23.0,6.0,26.0,5.0,1.0,0.0,7.0,6.0,19.0,41.0,22.0,4.0,8.0,5.0,1.0,37.0,3.0,28.0,40.0,1.0,15.0,25.0,22.0,38.0,27.0,103.0,28.0,36.0,1.0,94.0,19.0,23.0,6.0,4.0,2.0,23.0,2.0,1.0,1.0,21.0,4.0
2016-06-17,46.12482932539683,38.59536126984135,35.0,0.0,21.0,0.0,21.0,0.0,81.0,17.0,14.0,12.0,9.0,1.0,6.0,2.0,16.0,2.0,45.0,8.0,7.0,5.0,7.0,1.0,15.0,0.0,18.0,10.0,15.0,9.0,31.0,7.0,29.0,8.0,106.0,9.0,35.0,0.0,456.0,4.0,39.0,6.0,22.0,4.0,34.0,3.0,7.0,3.0,22.0,0.0
2016-06-18,46.74631265873016,39.21906103174611,3.0,0.0,2.0,0.0,1.0,0.0,1.0,8.0,1.0,7.0,0.0,0.0,0.0,3.0,0.0,6.0,1.0,2.0,0.0,0.0,0.0,0.0,1.0,2.0,1.0,27.0,0.0,5.0,1.0,9.0,5.0,6.0,12.0,14.0,0.0,2.0,51.0,7.0,7.0,6.0,4.0,2.0,4.0,1.0,1.0,0.0,0.0,0.0
2016-06-19,46.475440277777786,40.23925849206357,0.0,3.0,1.0,0.0,0.0,0.0,2.0,21.0,0.0,37.0,0.0,5.0,0.0,5.0,1.0,7.0,0.0,3.0,0.0,0.0,0.0,3.0,2.0,1.0,2.0,37.0,0.0,12.0,0.0,11.0,0.0,19.0,10.0,10.0,0.0,1.0,35.0,7.0,3.0,9.0,4.0,7.0,2.0,2.0,0.0,1.0,1.0,0.0
2016-06-20,46.703078015873025,40.37524384920642,44.0,7.0,26.0,0.0,45.0,0.0,171.0,21.0,17.0,50.0,1.0,6.0,5.0,16.0,11.0,23.0,116.0,28.0,28.0,4.0,6.0,5.0,21.0,7.0,31.0,60.0,15.0,40.0,14.0,30.0,47.0,33.0,68.0,59.0,8.0,5.0,468.0,6.0,38.0,16.0,14.0,9.0,46.0,15.0,18.0,2.0,19.0,1.0
2016-06-21,46.518100079365084,40.405907738095316,19.0,0.0,0.0,6.0,27.0,0.0,144.0,18.0,61.0,24.0,0.0,8.0,0.0,2.0,10.0,8.0,69.0,5.0,21.0,2.0,9.0,2.0,15.0,2.0,16.0,23.0,8.0,4.0,5.0,8.0,13.0,9.0,70.0,11.0,10.0,0.0,99.0,2.0,13.0,5.0,7.0,7.0,31.0,1.0,10.0,2.0,19.0,0.0
2016-06-22,46.67711400793651,39.89321845238103,2.0,1.0,3.0,0.0,1.0,1.0,0.0,15.0,0.0,13.0,0.0,1.0,0.0,3.0,0.0,8.0,4.0,14.0,1.0,2.0,0.0,1.0,1.0,2.0,1.0,21.0,3.0,9.0,2.0,17.0,4.0,8.0,12.0,11.0,1.0,1.0,51.0,3.0,1.0,5.0,1.0,4.0,8.0,11.0,0.0,2.0,2.0,2.0
2016-06-23,46.69117630952381,39.46062448412706,3.0,3.0,2.0,0.0,0.0,0.0,1.0,23.0,0.0,23.0,0.0,1.0,0.0,3.0,0.0,4.0,1.0,32.0,0.0,19.0,1.0,1.0,2.0,5.0,2.0,19.0,1.0,15.0,1.0,23.0,1.0,14.0,9.0,9.0,0.0,0.0,42.0,6.0,10.0,3.0,4.0,8.0,1.0,9.0,0.0,6.0,0.0,4.0
2016-06-24,46.05473678571428,39.51760412698421,43.0,0.0,7.0,0.0,0.0,0.0,5.0,27.0,6.0,36.0,1.0,1.0,16.0,12.0,0.0,8.0,62.0,76.0,55.0,68.0,1.0,3.0,12.0,3.0,8.0,20.0,6.0,8.0,6.0,14.0,10.0,9.0,11.0,9.0,20.0,1.0,89.0,2.0,4.0,5.0,1.0,3.0,13.0,5.0,3.0,1.0,28.0,0.0
2016-06-25,45.98779845238095,38.909019603174684,62.0,0.0,12.0,0.0,7.0,0.0,67.0,32.0,13.0,30.0,24.0,3.0,16.0,3.0,0.0,5.0,59.0,14.0,26.0,9.0,11.0,0.0,6.0,3.0,12.0,17.0,13.0,7.0,31.0,9.0,14.0,7.0,34.0,13.0,14.0,3.0,173.0,3.0,7.0,8.0,7.0,2.0,20.0,5.0,7.0,5.0,7.0,1.0
2016-06-26,45.96908353174603,38.7320726190477,11.0,1.0,0.0,1.0,0.0,1.0,1.0,16.0,1.0,11.0,2.0,1.0,0.0,0.0,0.0,1.0,2.0,3.0,1.0,2.0,0.0,1.0,0.0,0.0,0.0,6.0,3.0,1.0,1.0,7.0,5.0,1.0,3.0,3.0,0.0,0.0,69.0,2.0,1.0,9.0,1.0,2.0,0.0,13.0,0.0,0.0,0.0,0.0
2016-06-27,46.00999353174603,39.26021369047627,11.0,2.0,0.0,0.0,0.0,0.0,1.0,19.0,0.0,38.0,1.0,1.0,0.0,5.0,1.0,0.0,1.0,15.0,1.0,6.0,0.0,0.0,2.0,3.0,0.0,23.0,0.0,6.0,0.0,12.0,0.0,9.0,2.0,13.0,1.0,1.0,37.0,6.0,6.0,4.0,1.0,6.0,2.0,7.0,1.0,4.0,0.0,1.0
2016-06-28,45.713564960317456,39.620113293650874,22.0,1.0,6.0,2.0,12.0,0.0,44.0,29.0,12.0,51.0,9.0,3.0,5.0,6.0,6.0,13.0,75.0,17.0,17.0,11.0,5.0,2.0,40.0,0.0,13.0,33.0,7.0,3.0,44.0,13.0,0.0,1.0,17.0,22.0,16.0,0.0,129.0,4.0,16.0,10.0,7.0,8.0,33.0,10.0,5.0,3.0,22.0,2.0
2016-06-29,45.6285821031746,39.845084722222296,41.0,2.0,31.0,1.0,11.0,3.0,64.0,26.0,49.0,14.0,0.0,0.0,6.0,1.0,8.0,10.0,63.0,24.0,39.0,8.0,4.0,0.0,24.0,2.0,40.0,24.0,29.0,3.0,27.0,21.0,64.0,1.0,103.0,9.0,10.0,2.0,201.0,12.0,29.0,10.0,3.0,1.0,29.0,4.0,19.0,1.0,20.0,2.0
2016-06-30,45.143730753968256,40.358735833333405,4.0,0.0,1.0,0.0,1.0,0.0,0.0,13.0,1.0,15.0,0.0,0.0,0.0,2.0,1.0,5.0,2.0,7.0,0.0,6.0,0.0,1.0,3.0,0.0,7.0,9.0,2.0,8.0,0.0,5.0,4.0,2.0,14.0,6.0,4.0,0.0,87.0,4.0,19.0,2.0,6.0,4.0,1.0,0.0,2.0,0.0,2.0,0.0
2016-07-01,45.23619242063493,40.01237452380959,0.0,0.0,3.0,0.0,0.0,1.0,3.0,17.0,1.0,22.0,1.0,1.0,0.0,1.0,1.0,10.0,1.0,12.0,1.0,7.0,0.0,0.0,2.0,1.0,2.0,23.0,0.0,15.0,0.0,13.0,1.0,3.0,4.0,17.0,0.0,1.0,32.0,8.0,3.0,7.0,1.0,10.0,2.0,9.0,1.0,1.0,0.0,2.0
2016-07-02,45.08838765873016,40.51616619047626,6.0,1.0,2.0,0.0,0.0,0.0,1.0,31.0,0.0,48.0,0.0,4.0,0.0,7.0,0.0,14.0,0.0,17.0,0.0,12.0,0.0,0.0,0.0,0.0,1.0,28.0,0.0,5.0,0.0,14.0,1.0,5.0,6.0,13.0,0.0,0.0,26.0,5.0,5.0,8.0,0.0,3.0,0.0,6.0,0.0,1.0,1.0,0.0
2016-07-03,45.447673531746034,40.32967285714293,0.0,0.0,0.0,0.0,0.0,0.0,1.0,12.0,0.0,15.0,0.0,3.0,0.0,2.0,1.0,4.0,0.0,8.0,0.0,4.0,0.0,0.0,2.0,2.0,3.0,16.0,1.0,11.0,0.0,8.0,1.0,9.0,13.0,13.0,2.0,1.0,47.0,4.0,4.0,6.0,3.0,2.0,4.0,6.0,0.0,0.0,0.0,3.0
2016-07-04,45.07425857142857,39.94051500000007,0.0,1.0,5.0,1.0,3.0,0.0,0.0,7.0,0.0,11.0,1.0,0.0,0.0,0.0,3.0,5.0,1.0,4.0,1.0,4.0,0.0,1.0,1.0,6.0,9.0,6.0,1.0,6.0,0.0,5.0,5.0,3.0,8.0,3.0,2.0,0.0,52.0,3.0,6.0,5.0,2.0,1.0,2.0,2.0,0.0,2.0,1.0,1.0
2016-07-05,45.17103628571429,39.94121515873024,1.0,1.0,1.0,0.0,1.0,0.0,0.0,29.0,2.0,45.0,0.0,4.0,0.0,3.0,0.0,9.0,2.0,14.0,0.0,8.0,0.0,0.0,0.0,3.0,1.0,15.0,1.0,12.0,2.0,11.0,2.0,2.0,5.0,11.0,1.0,4.0,27.0,4.0,2.0,2.0,2.0,1.0,2.0,2.0,1.0,3.0,0.0,2.0
2016-07-06,45.022035333333335,40.23117896825404,2.0,0.0,0.0,0.0,0.0,1.0,4.0,32.0,28.0,55.0,0.0,3.0,0.0,5.0,1.0,12.0,3.0,17.0,2.0,6.0,2.0,1.0,1.0,1.0,1.0,16.0,1.0,10.0,1.0,16.0,9.0,8.0,21.0,4.0,1.0,0.0,72.0,21.0,0.0,10.0,1.0,3.0,9.0,5.0,0.0,1.0,0.0,0.0
2016-07-07,45.02368239682539,39.69654309523817,27.0,4.0,19.0,7.0,19.0,0.0,49.0,57.0,20.0,106.0,8.0,5.0,9.0,4.0,1.0,6.0,13.0,25.0,7.0,6.0,17.0,0.0,13.0,6.0,14.0,18.0,20.0,23.0,6.0,17.0,72.0,12.0,188.0,28.0,35.0,8.0,1746.0,23.0,25.0,13.0,19.0,5.0,48.0,7.0,4.0,5.0,3.0,0.0
2016-07-08,44.81453306349206,40.06532919047627,1.0,1.0,1.0,0.0,0.0,0.0,4.0,17.0,0.0,14.0,0.0,2.0,0.0,0.0,2.0,6.0,0.0,5.0,0.0,3.0,0.0,0.0,5.0,2.0,13.0,12.0,0.0,5.0,0.0,3.0,2.0,12.0,28.0,30.0,5.0,1.0,72.0,35.0,3.0,5.0,1.0,6.0,4.0,8.0,1.0,1.0,1.0,0.0
2016-07-09,44.67623896825397,39.97150647619055,0.0,0.0,1.0,0.0,0.0,0.0,0.0,19.0,0.0,30.0,0.0,4.0,0.0,4.0,0.0,16.0,0.0,14.0,0.0,6.0,0.0,0.0,1.0,1.0,4.0,6.0,0.0,5.0,0.0,10.0,3.0,8.0,11.0,15.0,0.0,2.0,58.0,52.0,1.0,2.0,0.0,6.0,1.0,5.0,0.0,2.0,0.0,2.0
2016-07-10,44.37428277777777,39.95387076190484,1.0,2.0,1.0,0.0,2.0,0.0,6.0,20.0,0.0,18.0,0.0,2.0,0.0,1.0,0.0,21.0,1.0,5.0,1.0,4.0,0.0,0.0,1.0,0.0,0.0,1.0,4.0,5.0,0.0,3.0,5.0,1.0,16.0,15.0,0.0,0.0,118.0,55.0,7.0,3.0,8.0,4.0,3.0,2.0,0.0,0.0,0.0,0.0
2016-07-11,44.44779195238095,39.84674342857151,6.0,12.0,2.0,3.0,2.0,7.0,4.0,47.0,3.0,27.0,0.0,1.0,1.0,6.0,1.0,10.0,1.0,12.0,0.0,9.0,2.0,0.0,3.0,1.0,6.0,9.0,5.0,31.0,0.0,20.0,6.0,10.0,29.0,23.0,4.0,3.0,200.0,89.0,11.0,6.0,5.0,3.0,4.0,8.0,0.0,5.0,0.0,2.0
2016-07-12,44.62361546258504,39.90920526530619,9.0,0.0,2.0,0.0,6.0,1.0,1.0,17.0,3.0,24.0,2.0,0.0,2.0,12.0,2.0,12.0,5.0,9.0,0.0,5.0,0.0,0.0,2.0,2.0,6.0,10.0,0.0,5.0,5.0,7.0,1.0,8.0,13.0,8.0,5.0,0.0,103.0,21.0,5.0,3.0,2.0,4.0,0.0,3.0,0.0,1.0,2.0,1.0
2016-07-13,44.639618891156466,39.924520312925246,2.0,0.0,0.0,0.0,0.0,0.0,4.0,18.0,1.0,22.0,0.0,0.0,0.0,12.0,2.0,7.0,9.0,15.0,0.0,9.0,0.0,1.0,0.0,0.0,3.0,5.0,0.0,8.0,9.0,9.0,4.0,4.0,4.0,15.0,2.0,0.0,48.0,26.0,4.0,3.0,4.0,2.0,0.0,2.0,0.0,0.0,1.0,1.0
2016-07-14,44.66136265306123,40.40749831292525,3.0,0.0,1.0,1.0,1.0,0.0,6.0,27.0,2.0,14.0,1.0,3.0,0.0,4.0,1.0,9.0,15.0,8.0,2.0,5.0,0.0,0.0,3.0,5.0,0.0,20.0,1.0,5.0,15.0,0.0,4.0,4.0,12.0,29.0,1.0,1.0,74.0,30.0,4.0,6.0,2.0,2.0,5.0,10.0,0.0,1.0,1.0,1.0
2016-07-15,44.79118055782313,40.602015074830014,1.0,0.0,0.0,0.0,1.0,2.0,3.0,17.0,0.0,21.0,1.0,1.0,0.0,4.0,0.0,9.0,0.0,2.0,0.0,0.0,0.0,1.0,0.0,0.0,9.0,43.0,0.0,10.0,0.0,4.0,0.0,7.0,9.0,48.0,1.0,1.0,31.0,24.0,2.0,8.0,1.0,4.0,1.0,6.0,0.0,4.0,1.0,5.0
2016-07-16,44.64707004988662,41.07613770975065,1.0,0.0,0.0,0.0,2.0,1.0,1.0,13.0,0.0,20.0,0.0,1.0,0.0,0.0,0.0,9.0,0.0,6.0,0.0,3.0,1.0,0.0,1.0,3.0,7.0,12.0,0.0,4.0,0.0,9.0,0.0,3.0,12.0,14.0,1.0,1.0,50.0,12.0,2.0,0.0,1.0,3.0,0.0,1.0,0.0,1.0,1.0,1.0
2016-07-17,44.422484335600906,41.86792390022684,1.0,1.0,0.0,0.0,1.0,0.0,0.0,12.0,0.0,10.0,0.0,0.0,0.0,0.0,0.0,14.0,0.0,9.0,0.0,3.0,0.0,0.0,0.0,1.0,1.0,11.0,0.0,5.0,0.0,12.0,5.0,6.0,12.0,38.0,4.0,1.0,47.0,45.0,0.0,0.0,3.0,3.0,3.0,4.0,1.0,0.0,0.0,0.0
2016-07-18,44.113669573696136,42.515171709750646,14.0,0.0,10.0,0.0,7.0,0.0,43.0,18.0,7.0,12.0,10.0,1.0,4.0,3.0,9.0,9.0,47.0,8.0,13.0,3.0,0.0,0.0,2.0,1.0,4.0,11.0,7.0,2.0,22.0,9.0,26.0,2.0,38.0,25.0,12.0,1.0,117.0,42.0,29.0,0.0,10.0,6.0,28.0,4.0,4.0,0.0,5.0,0.0
2016-07-19,43.874033111111096,42.793510507936595,23.0,0.0,19.0,0.0,13.0,0.0,140.0,36.0,15.0,20.0,1.0,1.0,0.0,3.0,34.0,10.0,64.0,18.0,5.0,2.0,7.0,0.0,12.0,5.0,12.0,14.0,2.0,5.0,42.0,19.0,14.0,1.0,35.0,17.0,18.0,2.0,123.0,23.0,46.0,1.0,13.0,2.0,21.0,2.0,6.0,0.0,4.0,1.0
2016-07-20,43.60387634920634,43.268139269841356,2.0,0.0,1.0,0.0,1.0,0.0,2.0,11.0,0.0,12.0,1.0,0.0,0.0,0.0,0.0,0.0,1.0,5.0,0.0,3.0,1.0,0.0,0.0,3.0,11.0,4.0,1.0,4.0,2.0,6.0,0.0,3.0,10.0,8.0,1.0,0.0,61.0,9.0,5.0,4.0,2.0,1.0,2.0,0.0,0.0,1.0,0.0,0.0
2016-07-21,43.65228766666665,43.76572976190484,2.0,0.0,0.0,0.0,0.0,0.0,7.0,29.0,0.0,12.0,0.0,1.0,1.0,1.0,1.0,1.0,4.0,11.0,1.0,0.0,0.0,0.0,3.0,1.0,3.0,2.0,0.0,12.0,3.0,9.0,1.0,3.0,16.0,7.0,2.0,0.0,60.0,13.0,4.0,3.0,1.0,3.0,1.0,2.0,0.0,0.0,0.0,1.0
2016-07-22,43.45080528571426,44.10114488095246,18.0,0.0,15.0,0.0,19.0,2.0,90.0,71.0,8.0,30.0,1.0,21.0,1.0,11.0,25.0,12.0,57.0,39.0,8.0,13.0,14.0,0.0,22.0,2.0,2.0,22.0,5.0,5.0,34.0,19.0,9.0,1.0,51.0,30.0,24.0,0.0,182.0,10.0,36.0,8.0,11.0,9.0,38.0,11.0,9.0,2.0,18.0,7.0
2016-07-23,43.50366691269839,44.14568103174611,20.0,0.0,24.0,0.0,20.0,1.0,59.0,29.0,34.0,39.0,7.0,25.0,13.0,5.0,18.0,4.0,55.0,41.0,12.0,9.0,3.0,0.0,14.0,2.0,9.0,10.0,3.0,7.0,26.0,32.0,1.0,1.0,48.0,16.0,4.0,0.0,150.0,12.0,14.0,4.0,12.0,8.0,8.0,12.0,1.0,0.0,18.0,1.0
2016-07-24,43.55512215079363,44.15647880952388,1.0,0.0,3.0,0.0,2.0,0.0,3.0,7.0,0.0,20.0,0.0,15.0,0.0,1.0,2.0,4.0,1.0,22.0,1.0,2.0,0.0,1.0,4.0,0.0,0.0,10.0,0.0,6.0,2.0,11.0,0.0,1.0,7.0,4.0,4.0,2.0,65.0,1.0,2.0,4.0,2.0,13.0,1.0,1.0,0.0,6.0,0.0,2.0
2016-07-25,43.97375034126982,43.7055063333334,5.0,0.0,1.0,0.0,3.0,0.0,0.0,19.0,0.0,52.0,1.0,14.0,1.0,16.0,0.0,3.0,3.0,62.0,0.0,8.0,0.0,0.0,0.0,1.0,0.0,8.0,0.0,7.0,2.0,52.0,3.0,6.0,9.0,4.0,2.0,1.0,48.0,6.0,4.0,0.0,2.0,7.0,2.0,5.0,0.0,3.0,0.0,3.0
2016-07-26,44.23505748412697,43.42434367460324,1.0,0.0,1.0,0.0,2.0,0.0,2.0,20.0,0.0,44.0,1.0,25.0,0.0,16.0,4.0,4.0,5.0,103.0,0.0,13.0,0.0,0.0,0.0,0.0,1.0,25.0,0.0,9.0,5.0,91.0,2.0,1.0,3.0,34.0,0.0,1.0,36.0,6.0,1.0,2.0,0.0,5.0,2.0,11.0,0.0,0.0,0.0,0.0
2016-07-27,44.72297748412698,43.05517938888896,5.0,1.0,5.0,0.0,0.0,0.0,12.0,12.0,6.0,25.0,6.0,5.0,1.0,0.0,8.0,1.0,9.0,27.0,1.0,2.0,0.0,0.0,4.0,0.0,5.0,5.0,0.0,8.0,3.0,24.0,1.0,1.0,6.0,3.0,2.0,0.0,71.0,18.0,1.0,9.0,3.0,6.0,6.0,5.0,0.0,1.0,3.0,1.0
2016-07-28,44.79382621428571,42.541899944444516,1.0,0.0,3.0,4.0,4.0,0.0,3.0,11.0,4.0,14.0,0.0,2.0,1.0,0.0,3.0,6.0,6.0,11.0,2.0,4.0,0.0,0.0,1.0,5.0,15.0,5.0,1.0,6.0,2.0,8.0,0.0,6.0,8.0,4.0,1.0,1.0,55.0,7.0,2.0,7.0,2.0,1.0,2.0,0.0,0.0,0.0,1.0,0.0
2016-07-29,45.32000264285714,42.15195453968261,4.0,28.0,1.0,20.0,1.0,0.0,2.0,208.0,2.0,363.0,2.0,108.0,0.0,53.0,1.0,50.0,6.0,250.0,6.0,47.0,0.0,15.0,1.0,1.0,1.0,117.0,0.0,151.0,1.0,134.0,0.0,51.0,6.0,90.0,1.0,32.0,59.0,113.0,23.0,56.0,2.0,47.0,0.0,49.0,0.0,23.0,1.0,27.0
2016-07-30,45.500593714285706,41.974359420635,0.0,0.0,0.0,1.0,1.0,0.0,18.0,34.0,1.0,41.0,1.0,7.0,0.0,2.0,0.0,9.0,9.0,15.0,3.0,2.0,0.0,1.0,1.0,1.0,7.0,15.0,2.0,5.0,6.0,8.0,3.0,4.0,9.0,8.0,2.0,9.0,65.0,11.0,5.0,3.0,2.0,9.0,1.0,2.0,0.0,3.0,0.0,1.0
2016-07-31,45.80222952380952,41.732192119047696,15.0,1.0,14.0,0.0,8.0,2.0,130.0,20.0,43.0,24.0,11.0,6.0,16.0,0.0,13.0,5.0,107.0,9.0,51.0,3.0,6.0,2.0,13.0,0.0,14.0,13.0,16.0,4.0,33.0,11.0,21.0,1.0,75.0,13.0,25.0,6.0,289.0,5.0,37.0,10.0,33.0,7.0,35.0,4.0,9.0,1.0,21.0,3.0
2016-08-01,45.944634207792205,41.72353615367973,4.0,1.0,4.0,4.0,2.0,0.0,7.0,16.0,4.0,14.0,1.0,4.0,0.0,0.0,0.0,5.0,9.0,18.0,2.0,1.0,1.0,1.0,0.0,2.0,3.0,9.0,1.0,7.0,4.0,11.0,4.0,8.0,5.0,6.0,3.0,3.0,75.0,3.0,4.0,2.0,4.0,2.0,1.0,0.0,0.0,0.0,3.0,0.0
2016-08-02,46.125335993506496,41.56124508225116,1.0,0.0,2.0,2.0,0.0,7.0,6.0,38.0,3.0,104.0,1.0,7.0,1.0,0.0,0.0,5.0,3.0,20.0,2.0,7.0,1.0,0.0,2.0,2.0,2.0,14.0,1.0,20.0,1.0,8.0,6.0,4.0,8.0,10.0,2.0,3.0,61.0,19.0,3.0,7.0,1.0,14.0,2.0,8.0,0.0,3.0,2.0,1.0
2016-08-03,45.95158656493508,41.437204796536875,8.0,3.0,7.0,1.0,5.0,13.0,17.0,83.0,7.0,109.0,1.0,21.0,0.0,3.0,4.0,38.0,11.0,51.0,5.0,22.0,0.0,3.0,3.0,5.0,4.0,32.0,1.0,30.0,9.0,11.0,3.0,5.0,28.0,35.0,0.0,3.0,74.0,15.0,19.0,5.0,6.0,24.0,8.0,23.0,1.0,18.0,4.0,13.0
2016-08-04,46.04624977922079,41.46067449891783,3.0,0.0,21.0,2.0,15.0,1.0,17.0,81.0,7.0,134.0,0.0,9.0,0.0,3.0,19.0,20.0,15.0,19.0,4.0,11.0,5.0,0.0,8.0,4.0,1.0,20.0,0.0,18.0,7.0,5.0,0.0,8.0,46.0,23.0,14.0,1.0,117.0,16.0,24.0,6.0,5.0,22.0,13.0,19.0,10.0,16.0,1.0,3.0
2016-08-05,46.02657782683984,41.44334983225116,1.0,1.0,1.0,0.0,4.0,3.0,1.0,30.0,1.0,54.0,1.0,3.0,0.0,0.0,2.0,4.0,0.0,13.0,0.0,7.0,0.0,1.0,0.0,2.0,2.0,9.0,0.0,15.0,0.0,12.0,1.0,3.0,16.0,13.0,3.0,1.0,53.0,27.0,3.0,10.0,0.0,4.0,3.0,6.0,0.0,2.0,0.0,3.0
2016-08-06,46.15215001731603,41.320859879870206,0.0,3.0,0.0,2.0,2.0,3.0,0.0,73.0,0.0,76.0,0.0,6.0,0.0,1.0,0.0,18.0,2.0,35.0,2.0,9.0,0.0,4.0,0.0,6.0,1.0,21.0,0.0,40.0,0.0,31.0,2.0,1.0,13.0,19.0,1.0,2.0,39.0,23.0,4.0,12.0,0.0,9.0,0.0,12.0,0.0,8.0,0.0,2.0
2016-08-07,46.30024182683984,41.185288332251154,78.0,0.0,5.0,0.0,7.0,0.0,29.0,34.0,6.0,34.0,15.0,0.0,0.0,1.0,3.0,5.0,48.0,8.0,33.0,2.0,0.0,2.0,4.0,3.0,0.0,6.0,10.0,7.0,5.0,4.0,9.0,3.0,85.0,2.0,12.0,2.0,349.0,8.0,11.0,4.0,11.0,16.0,38.0,2.0,0.0,7.0,24.0,2.0
2016-08-08,46.30639552380954,41.15518639285722,8.0,0.0,11.0,1.0,6.0,25.0,2.0,10.0,0.0,41.0,1.0,2.0,0.0,2.0,13.0,6.0,1.0,4.0,1.0,2.0,4.0,3.0,0.0,0.0,3.0,18.0,0.0,3.0,0.0,9.0,2.0,3.0,12.0,7.0,6.0,0.0,117.0,9.0,22.0,11.0,1.0,7.0,15.0,2.0,2.0,6.0,4.0,3.0
2016-08-09,46.203914571428584,41.20067573809531,2.0,0.0,0.0,0.0,1.0,1.0,1.0,13.0,0.0,25.0,1.0,2.0,0.0,1.0,1.0,2.0,0.0,8.0,0.0,2.0,0.0,3.0,1.0,1.0,3.0,13.0,0.0,7.0,0.0,9.0,8.0,4.0,20.0,12.0,3.0,1.0,111.0,6.0,9.0,2.0,1.0,4.0,4.0,1.0,1.0,1.0,0.0,0.0
2016-08-10,46.25617265079366,41.276986023809606,1.0,0.0,0.0,1.0,3.0,3.0,1.0,34.0,0.0,20.0,0.0,4.0,0.0,3.0,0.0,9.0,2.0,5.0,1.0,1.0,1.0,0.0,2.0,2.0,7.0,11.0,1.0,3.0,0.0,4.0,2.0,5.0,9.0,9.0,1.0,1.0,53.0,8.0,5.0,2.0,1.0,9.0,2.0,4.0,1.0,1.0,1.0,1.0
2016-08-11,46.06973415079366,41.166885083333405,3.0,0.0,11.0,3.0,3.0,0.0,3.0,26.0,1.0,36.0,5.0,3.0,0.0,0.0,6.0,17.0,2.0,12.0,1.0,9.0,1.0,1.0,1.0,0.0,6.0,5.0,0.0,3.0,0.0,7.0,2.0,2.0,10.0,8.0,1.0,2.0,79.0,8.0,8.0,7.0,2.0,3.0,4.0,8.0,0.0,0.0,0.0,0.0
2016-08-12,46.06494491269842,41.01480321031754,2.0,3.0,0.0,2.0,15.0,1.0,4.0,124.0,1.0,214.0,0.0,21.0,0.0,6.0,6.0,42.0,3.0,84.0,3.0,34.0,0.0,7.0,0.0,16.0,0.0,25.0,1.0,34.0,0.0,46.0,2.0,17.0,18.0,21.0,0.0,11.0,110.0,31.0,16.0,6.0,2.0,38.0,4.0,36.0,0.0,16.0,2.0,14.0
2016-08-13,45.92336403174604,41.15534304365087,2.0,0.0,0.0,2.0,8.0,4.0,1.0,30.0,1.0,37.0,0.0,3.0,0.0,0.0,3.0,2.0,0.0,15.0,0.0,3.0,1.0,4.0,0.0,4.0,3.0,17.0,0.0,6.0,0.0,18.0,0.0,3.0,10.0,11.0,1.0,3.0,51.0,6.0,6.0,7.0,2.0,8.0,2.0,4.0,0.0,3.0,0.0,2.0
2016-08-14,45.62081336507937,41.28178401984136,1.0,1.0,1.0,0.0,7.0,1.0,1.0,13.0,0.0,11.0,0.0,2.0,0.0,0.0,0.0,15.0,1.0,5.0,0.0,1.0,2.0,2.0,4.0,0.0,5.0,5.0,0.0,10.0,1.0,9.0,2.0,17.0,8.0,19.0,2.0,1.0,41.0,34.0,7.0,4.0,0.0,1.0,0.0,3.0,0.0,1.0,1.0,1.0
2016-08-15,45.43033936507937,41.46402404365087,14.0,0.0,8.0,1.0,10.0,0.0,30.0,22.0,5.0,29.0,4.0,0.0,0.0,0.0,0.0,4.0,26.0,13.0,17.0,7.0,23.0,1.0,5.0,6.0,10.0,9.0,9.0,6.0,9.0,4.0,1.0,4.0,33.0,10.0,8.0,0.0,151.0,12.0,26.0,1.0,12.0,11.0,22.0,7.0,0.0,1.0,15.0,1.0
2016-08-16,45.507898912698415,41.51185760317468,22.0,0.0,8.0,11.0,14.0,0.0,9.0,13.0,1.0,27.0,1.0,1.0,7.0,0.0,10.0,4.0,25.0,16.0,14.0,6.0,4.0,1.0,10.0,1.0,4.0,17.0,3.0,6.0,5.0,11.0,2.0,3.0,58.0,13.0,10.0,3.0,174.0,15.0,12.0,2.0,9.0,7.0,15.0,9.0,5.0,2.0,0.0,0.0
2016-08-17,45.4430393888889,41.61801300000008,1.0,0.0,2.0,1.0,5.0,1.0,1.0,21.0,0.0,14.0,0.0,0.0,0.0,0.0,0.0,3.0,1.0,6.0,1.0,4.0,2.0,0.0,2.0,0.0,3.0,12.0,2.0,7.0,2.0,15.0,1.0,6.0,8.0,4.0,1.0,2.0,68.0,12.0,8.0,3.0,0.0,5.0,0.0,1.0,0.0,0.0,2.0,1.0
2016-08-18,45.45187137528346,41.64306151700689,2.0,6.0,0.0,7.0,4.0,2.0,3.0,55.0,0.0,42.0,1.0,7.0,0.0,8.0,1.0,39.0,1.0,53.0,1.0,21.0,0.0,6.0,3.0,14.0,3.0,38.0,0.0,283.0,0.0,46.0,2.0,35.0,14.0,21.0,0.0,7.0,60.0,19.0,8.0,10.0,3.0,10.0,0.0,34.0,0.0,7.0,1.0,7.0
2016-08-19,45.283845851473934,41.873020913832285,20.0,0.0,12.0,1.0,7.0,0.0,28.0,70.0,0.0,141.0,0.0,4.0,0.0,0.0,0.0,22.0,15.0,23.0,9.0,14.0,2.0,9.0,5.0,1.0,2.0,5.0,2.0,3.0,0.0,10.0,0.0,2.0,25.0,4.0,2.0,0.0,128.0,23.0,31.0,8.0,18.0,5.0,14.0,5.0,0.0,3.0,4.0,0.0
2016-08-20,45.18546882766441,41.90667186621323,8.0,0.0,9.0,1.0,6.0,0.0,24.0,32.0,4.0,27.0,3.0,0.0,0.0,0.0,0.0,9.0,16.0,4.0,15.0,4.0,9.0,0.0,1.0,2.0,37.0,4.0,2.0,4.0,6.0,7.0,1.0,0.0,39.0,4.0,0.0,0.0,151.0,4.0,22.0,4.0,10.0,2.0,20.0,0.0,8.0,0.0,4.0,1.0
2016-08-21,45.23286413718821,41.965356366213236,0.0,0.0,2.0,0.0,3.0,0.0,6.0,16.0,0.0,19.0,0.0,0.0,0.0,0.0,0.0,4.0,6.0,7.0,1.0,3.0,0.0,1.0,1.0,0.0,2.0,12.0,0.0,4.0,2.0,7.0,0.0,2.0,7.0,2.0,0.0,0.0,57.0,6.0,6.0,5.0,5.0,6.0,2.0,0.0,0.0,2.0,0.0,0.0
2016-08-22,45.06076731179138,41.91213537414974,1.0,0.0,2.0,0.0,4.0,1.0,0.0,17.0,1.0,68.0,1.0,37.0,0.0,0.0,1.0,6.0,1.0,20.0,1.0,10.0,0.0,3.0,0.0,5.0,2.0,6.0,0.0,9.0,0.0,12.0,4.0,2.0,4.0,2.0,1.0,3.0,56.0,20.0,8.0,4.0,1.0,21.0,1.0,6.0,0.0,2.0,1.0,0.0
2016-08-23,44.82072750226757,42.03970613605451,27.0,3.0,27.0,1.0,12.0,1.0,26.0,37.0,12.0,75.0,0.0,21.0,1.0,1.0,8.0,10.0,22.0,11.0,11.0,7.0,0.0,9.0,1.0,3.0,3.0,16.0,9.0,4.0,6.0,6.0,22.0,4.0,56.0,8.0,13.0,0.0,232.0,15.0,33.0,9.0,26.0,12.0,17.0,7.0,1.0,3.0,9.0,0.0
2016-08-24,44.63607565419501,42.054019174603276,20.0,6.0,17.0,5.0,17.0,0.0,62.0,123.0,14.0,300.0,40.0,22.0,0.0,4.0,6.0,19.0,39.0,71.0,15.0,50.0,7.0,9.0,10.0,3.0,23.0,14.0,9.0,16.0,5.0,24.0,12.0,3.0,87.0,10.0,27.0,0.0,338.0,23.0,40.0,5.0,15.0,25.0,35.0,32.0,2.0,15.0,9.0,6.0
2016-08-25,44.603963953514736,42.181038562358374,4.0,1.0,4.0,0.0,3.0,0.0,3.0,18.0,0.0,22.0,0.0,2.0,0.0,0.0,0.0,3.0,2.0,11.0,3.0,5.0,0.0,2.0,0.0,0.0,2.0,15.0,0.0,10.0,2.0,7.0,5.0,8.0,12.0,6.0,3.0,0.0,79.0,5.0,11.0,1.0,1.0,6.0,11.0,2.0,2.0,1.0,1.0,2.0
2016-08-26,44.43481614399093,42.163388609977424,2.0,0.0,3.0,1.0,2.0,1.0,0.0,52.0,0.0,68.0,1.0,5.0,0.0,0.0,0.0,5.0,1.0,10.0,0.0,3.0,0.0,8.0,1.0,2.0,4.0,23.0,2.0,11.0,0.0,11.0,1.0,1.0,9.0,5.0,3.0,0.0,61.0,16.0,7.0,45.0,1.0,11.0,1.0,2.0,1.0,4.0,0.0,0.0
2016-08-27,44.423195096371884,42.179440395691714,22.0,1.0,6.0,0.0,11.0,1.0,25.0,58.0,15.0,88.0,0.0,5.0,1.0,0.0,5.0,5.0,17.0,26.0,3.0,13.0,0.0,6.0,0.0,0.0,6.0,6.0,2.0,15.0,9.0,14.0,4.0,7.0,39.0,7.0,1.0,1.0,149.0,17.0,18.0,7.0,0.0,10.0,5.0,2.0,7.0,1.0,4.0,0.0
2016-08-28,44.31096450113379,42.26431265759648,33.0,0.0,28.0,1.0,13.0,0.0,29.0,28.0,3.0,38.0,4.0,2.0,0.0,4.0,14.0,5.0,15.0,16.0,14.0,5.0,0.0,0.0,3.0,2.0,11.0,6.0,11.0,9.0,1.0,10.0,6.0,7.0,34.0,2.0,14.0,1.0,227.0,13.0,22.0,5.0,11.0,6.0,23.0,2.0,9.0,3.0,4.0,0.0
2016-08-29,44.29132704081633,42.2627702766441,4.0,1.0,1.0,4.0,4.0,4.0,2.0,84.0,2.0,235.0,0.0,23.0,0.0,0.0,1.0,10.0,0.0,32.0,0.0,16.0,0.0,4.0,1.0,2.0,1.0,17.0,4.0,9.0,0.0,19.0,1.0,6.0,7.0,5.0,0.0,2.0,56.0,22.0,6.0,13.0,2.0,17.0,2.0,9.0,2.0,7.0,1.0,4.0
2016-08-30,44.40940444557823,42.020927681406,5.0,0.0,2.0,12.0,3.0,0.0,2.0,29.0,2.0,51.0,0.0,13.0,0.0,1.0,0.0,5.0,0.0,20.0,0.0,7.0,0.0,10.0,1.0,1.0,5.0,9.0,5.0,12.0,1.0,11.0,3.0,3.0,9.0,7.0,1.0,2.0,85.0,20.0,8.0,7.0,0.0,7.0,2.0,7.0,0.0,4.0,0.0,3.0
2016-08-31,44.4847125952381,42.102092103174705,37.0,0.0,1.0,0.0,24.0,0.0,35.0,85.0,12.0,37.0,4.0,2.0,0.0,0.0,5.0,3.0,30.0,14.0,13.0,6.0,4.0,2.0,5.0,0.0,14.0,6.0,73.0,15.0,7.0,15.0,2.0,0.0,21.0,1.0,5.0,2.0,219.0,12.0,34.0,1.0,12.0,8.0,21.0,7.0,1.0,3.0,5.0,7.0
2016-09-01,44.45116279931973,42.17905448412709,18.0,2.0,8.0,2.0,14.0,0.0,47.0,99.0,5.0,29.0,8.0,3.0,0.0,0.0,4.0,3.0,24.0,9.0,1.0,4.0,0.0,1.0,6.0,2.0,9.0,9.0,50.0,34.0,7.0,9.0,6.0,3.0,24.0,4.0,21.0,1.0,305.0,7.0,30.0,5.0,11.0,7.0,39.0,4.0,4.0,1.0,0.0,0.0
2016-09-02,44.54547057709751,42.13857710317471,3.0,0.0,4.0,1.0,0.0,0.0,3.0,15.0,1.0,42.0,0.0,4.0,0.0,0.0,2.0,2.0,2.0,18.0,1.0,7.0,0.0,1.0,0.0,1.0,7.0,13.0,2.0,7.0,1.0,4.0,1.0,1.0,6.0,3.0,0.0,1.0,55.0,3.0,5.0,6.0,0.0,2.0,1.0,3.0,1.0,1.0,0.0,1.0
2016-09-03,44.534260037414974,42.06048472222233,0.0,1.0,6.0,0.0,1.0,0.0,1.0,52.0,1.0,50.0,2.0,2.0,0.0,0.0,2.0,0.0,0.0,16.0,0.0,6.0,0.0,1.0,1.0,1.0,7.0,12.0,4.0,7.0,0.0,15.0,0.0,1.0,8.0,7.0,2.0,0.0,81.0,16.0,5.0,3.0,0.0,7.0,3.0,4.0,1.0,1.0,0.0,3.0
2016-09-04,44.489723799319734,41.94466186507947,13.0,3.0,18.0,0.0,7.0,0.0,56.0,43.0,4.0,44.0,6.0,1.0,0.0,0.0,0.0,5.0,18.0,21.0,3.0,10.0,0.0,2.0,11.0,1.0,24.0,14.0,3.0,18.0,3.0,22.0,2.0,2.0,61.0,4.0,13.0,0.0,145.0,18.0,34.0,5.0,12.0,9.0,47.0,5.0,7.0,1.0,4.0,0.0
2016-09-05,44.51624260884354,42.062654880952486,12.0,0.0,19.0,0.0,1.0,0.0,54.0,20.0,14.0,39.0,11.0,14.0,0.0,0.0,16.0,4.0,33.0,9.0,10.0,5.0,9.0,5.0,4.0,0.0,8.0,11.0,5.0,5.0,5.0,10.0,6.0,2.0,22.0,6.0,9.0,1.0,195.0,10.0,41.0,7.0,27.0,9.0,17.0,2.0,8.0,3.0,14.0,0.0
2016-09-06,44.35834169614513,42.34534928571439,2.0,0.0,4.0,0.0,2.0,0.0,3.0,24.0,0.0,30.0,0.0,14.0,0.0,0.0,1.0,5.0,1.0,9.0,0.0,3.0,0.0,2.0,0.0,1.0,6.0,10.0,4.0,10.0,1.0,7.0,2.0,1.0,13.0,2.0,2.0,0.0,79.0,4.0,3.0,5.0,1.0,6.0,3.0,1.0,0.0,1.0,1.0,2.0
2016-09-07,44.24357666439909,42.35901071428582,3.0,0.0,1.0,0.0,0.0,0.0,1.0,57.0,0.0,46.0,0.0,7.0,0.0,0.0,1.0,1.0,1.0,16.0,0.0,4.0,1.0,2.0,2.0,0.0,5.0,10.0,1.0,7.0,0.0,11.0,1.0,2.0,10.0,3.0,2.0,0.0,68.0,6.0,7.0,4.0,0.0,7.0,1.0,8.0,0.0,4.0,0.0,3.0
2016-09-08,44.12530760317461,42.328428428571534,28.0,10.0,24.0,2.0,3.0,3.0,40.0,111.0,13.0,180.0,16.0,36.0,0.0,3.0,16.0,32.0,28.0,56.0,15.0,18.0,0.0,5.0,11.0,13.0,24.0,30.0,3.0,43.0,9.0,31.0,9.0,4.0,25.0,14.0,6.0,12.0,147.0,33.0,26.0,11.0,17.0,21.0,15.0,92.0,1.0,11.0,23.0,3.0
2016-09-09,44.04750811111112,42.531946714285816,28.0,9.0,12.0,13.0,7.0,9.0,20.0,146.0,4.0,249.0,6.0,28.0,0.0,2.0,4.0,38.0,12.0,78.0,2.0,35.0,5.0,10.0,8.0,15.0,4.0,28.0,21.0,56.0,0.0,45.0,10.0,4.0,22.0,29.0,17.0,38.0,102.0,46.0,15.0,14.0,3.0,24.0,28.0,41.0,0.0,19.0,14.0,10.0
2016-09-10,44.169827634920644,42.73556965079376,0.0,20.0,1.0,2.0,3.0,9.0,0.0,162.0,0.0,207.0,0.0,11.0,0.0,4.0,0.0,29.0,2.0,79.0,2.0,31.0,0.0,3.0,0.0,11.0,4.0,22.0,5.0,34.0,0.0,38.0,4.0,7.0,5.0,20.0,0.0,14.0,23.0,34.0,4.0,14.0,0.0,20.0,1.0,23.0,0.0,13.0,1.0,9.0
2016-09-11,44.18315284126986,42.91570195238106,1.0,9.0,3.0,20.0,2.0,5.0,1.0,115.0,1.0,257.0,0.0,17.0,0.0,5.0,1.0,19.0,1.0,65.0,1.0,26.0,0.0,77.0,0.0,7.0,3.0,35.0,9.0,32.0,0.0,25.0,2.0,6.0,7.0,49.0,1.0,12.0,35.0,35.0,3.0,3.0,1.0,30.0,2.0,35.0,0.0,9.0,1.0,9.0
2016-09-12,44.25682600453517,42.76750484353753,18.0,37.0,4.0,18.0,6.0,10.0,5.0,391.0,6.0,697.0,1.0,47.0,0.0,37.0,0.0,58.0,8.0,241.0,4.0,89.0,4.0,215.0,1.0,44.0,0.0,59.0,32.0,118.0,0.0,99.0,0.0,32.0,33.0,80.0,10.0,28.0,153.0,100.0,41.0,24.0,10.0,99.0,9.0,116.0,1.0,23.0,4.0,18.0
2016-09-13,44.34786441723359,42.66238186734705,31.0,20.0,8.0,23.0,6.0,11.0,29.0,231.0,4.0,441.0,0.0,34.0,0.0,4.0,4.0,51.0,16.0,129.0,4.0,36.0,3.0,84.0,15.0,45.0,11.0,53.0,19.0,82.0,6.0,59.0,16.0,24.0,19.0,51.0,5.0,28.0,120.0,89.0,19.0,22.0,10.0,69.0,15.0,86.0,0.0,18.0,4.0,17.0
2016-09-14,44.343481258503424,42.65749710544229,6.0,53.0,0.0,11.0,3.0,11.0,0.0,227.0,0.0,340.0,3.0,42.0,0.0,3.0,0.0,49.0,1.0,143.0,0.0,47.0,0.0,60.0,3.0,36.0,6.0,53.0,6.0,85.0,0.0,63.0,1.0,25.0,3.0,45.0,0.0,28.0,45.0,78.0,5.0,20.0,3.0,53.0,0.0,60.0,0.0,11.0,0.0,9.0
2016-09-15,44.41510016855633,42.62542563454282,5.0,3.0,1.0,1.0,0.0,0.0,0.0,73.0,0.0,86.0,0.0,20.0,0.0,4.0,0.0,10.0,1.0,34.0,1.0,7.0,0.0,13.0,0.0,5.0,1.0,20.0,3.0,21.0,0.0,21.0,4.0,12.0,5.0,22.0,3.0,4.0,34.0,43.0,2.0,5.0,2.0,17.0,0.0,20.0,1.0,3.0,0.0,1.0
2016-09-16,44.39440216855633,42.41694439644759,2.0,89.0,0.0,45.0,2.0,36.0,1.0,1046.0,0.0,1110.0,0.0,123.0,0.0,48.0,0.0,365.0,0.0,610.0,0.0,199.0,1.0,91.0,1.0,129.0,3.0,192.0,1.0,309.0,0.0,286.0,4.0,69.0,6.0,125.0,2.0,69.0,37.0,301.0,3.0,68.0,0.0,283.0,0.0,281.0,0.0,62.0,0.0,60.0
2016-09-17,44.299443374905536,42.38110184089203,1.0,172.0,2.0,58.0,1.0,51.0,7.0,1554.0,1.0,1660.0,1.0,202.0,0.0,89.0,6.0,428.0,0.0,1016.0,0.0,352.0,0.0,141.0,0.0,221.0,0.0,302.0,2.0,449.0,0.0,542.0,1.0,143.0,4.0,312.0,0.0,117.0,45.0,519.0,3.0,108.0,0.0,342.0,0.0,435.0,1.0,105.0,0.0,100.0
2016-09-18,44.36371742252458,42.33818819009838,0.0,132.0,4.0,46.0,2.0,55.0,0.0,1115.0,0.0,1332.0,0.0,130.0,0.0,63.0,0.0,385.0,0.0,674.0,0.0,276.0,0.0,79.0,0.0,167.0,0.0,491.0,2.0,410.0,0.0,376.0,4.0,116.0,8.0,1434.0,1.0,104.0,37.0,409.0,2.0,61.0,0.0,438.0,0.0,551.0,0.0,48.0,0.0,65.0
2016-09-19,44.36885156084657,42.47650633068795,1.0,107.0,0.0,33.0,3.0,44.0,0.0,1026.0,0.0,1114.0,0.0,83.0,0.0,48.0,0.0,325.0,0.0,542.0,0.0,231.0,0.0,53.0,0.0,130.0,0.0,529.0,3.0,372.0,0.0,276.0,1.0,107.0,3.0,1043.0,0.0,83.0,16.0,363.0,1.0,78.0,1.0,204.0,0.0,315.0,0.0,59.0,0.0,49.0
2016-09-20,44.30922695767197,42.51285383068795,0.0,0.0,2.0,0.0,1.0,0.0,0.0,56.0,0.0,30.0,0.0,2.0,0.0,0.0,2.0,7.0,0.0,9.0,0.0,1.0,4.0,0.0,0.0,2.0,0.0,18.0,1.0,7.0,0.0,3.0,1.0,0.0,10.0,55.0,1.0,0.0,42.0,29.0,0.0,4.0,1.0,15.0,1.0,15.0,1.0,0.0,0.0,1.0
2016-09-21,44.41000440211641,42.58714335449748,1.0,0.0,3.0,0.0,1.0,0.0,2.0,28.0,0.0,17.0,0.0,2.0,0.0,0.0,1.0,6.0,0.0,14.0,0.0,5.0,1.0,0.0,0.0,3.0,0.0,7.0,1.0,2.0,0.0,7.0,1.0,0.0,11.0,10.0,3.0,3.0,52.0,36.0,0.0,3.0,0.0,3.0,2.0,7.0,0.0,0.0,0.0,0.0
2016-09-22,44.44203445502647,42.751533566137695,4.0,0.0,2.0,0.0,2.0,0.0,1.0,22.0,2.0,24.0,0.0,1.0,0.0,0.0,0.0,10.0,0.0,19.0,0.0,6.0,0.0,0.0,1.0,2.0,1.0,5.0,0.0,4.0,0.0,13.0,0.0,4.0,2.0,7.0,0.0,1.0,35.0,16.0,1.0,1.0,3.0,0.0,1.0,0.0,0.0,1.0,0.0,2.0
2016-09-23,44.390697264550276,43.04375128042341,0.0,41.0,0.0,22.0,1.0,13.0,2.0,510.0,0.0,586.0,0.0,88.0,0.0,19.0,2.0,144.0,0.0,334.0,0.0,148.0,0.0,42.0,4.0,96.0,0.0,134.0,2.0,190.0,0.0,139.0,2.0,66.0,5.0,166.0,1.0,52.0,54.0,289.0,0.0,42.0,1.0,68.0,1.0,146.0,0.0,47.0,0.0,62.0
2016-09-24,44.33107514550266,43.11249637566151,5.0,0.0,0.0,0.0,0.0,0.0,0.0,43.0,0.0,45.0,0.0,1.0,0.0,0.0,0.0,7.0,0.0,15.0,0.0,10.0,0.0,0.0,0.0,1.0,0.0,10.0,2.0,8.0,0.0,9.0,3.0,4.0,12.0,25.0,2.0,2.0,39.0,27.0,1.0,4.0,1.0,13.0,0.0,11.0,0.0,3.0,0.0,2.0
2016-09-25,44.2383674867725,43.20429260582023,2.0,0.0,1.0,0.0,0.0,1.0,0.0,16.0,0.0,29.0,0.0,1.0,0.0,0.0,0.0,7.0,0.0,16.0,0.0,5.0,1.0,0.0,0.0,0.0,1.0,12.0,1.0,2.0,0.0,3.0,0.0,1.0,2.0,15.0,1.0,1.0,34.0,11.0,0.0,4.0,0.0,11.0,0.0,2.0,0.0,0.0,0.0,1.0
2016-09-26,44.1679545899471,43.17186276455038,1.0,2.0,6.0,1.0,5.0,0.0,0.0,56.0,0.0,81.0,0.0,4.0,0.0,1.0,0.0,1.0,1.0,62.0,0.0,9.0,0.0,1.0,0.0,0.0,2.0,6.0,7.0,8.0,0.0,6.0,1.0,1.0,7.0,6.0,2.0,1.0,49.0,10.0,1.0,3.0,2.0,5.0,1.0,9.0,0.0,0.0,0.0,1.0
2016-09-27,44.317338812169325,43.180997526455144,0.0,4.0,0.0,6.0,0.0,13.0,0.0,101.0,0.0,573.0,0.0,23.0,0.0,2.0,0.0,11.0,2.0,150.0,2.0,16.0,0.0,10.0,0.0,1.0,0.0,8.0,1.0,10.0,0.0,7.0,0.0,13.0,7.0,8.0,2.0,13.0,30.0,23.0,1.0,9.0,2.0,20.0,1.0,19.0,0.0,3.0,0.0,24.0
2016-09-28,44.46845719841271,43.019920224867846,0.0,0.0,0.0,1.0,0.0,1.0,0.0,26.0,0.0,40.0,0.0,3.0,0.0,0.0,0.0,2.0,3.0,22.0,1.0,5.0,0.0,1.0,0.0,0.0,0.0,7.0,0.0,1.0,0.0,6.0,0.0,1.0,9.0,11.0,0.0,3.0,46.0,13.0,2.0,4.0,0.0,3.0,1.0,6.0,0.0,7.0,0.0,0.0
2016-09-29,44.37871820370371,42.7901540873017,1.0,60.0,2.0,32.0,0.0,21.0,0.0,607.0,0.0,818.0,2.0,90.0,0.0,21.0,1.0,203.0,2.0,468.0,2.0,203.0,0.0,50.0,0.0,136.0,0.0,151.0,3.0,212.0,0.0,184.0,0.0,94.0,6.0,167.0,4.0,60.0,53.0,175.0,1.0,101.0,1.0,122.0,1.0,178.0,0.0,237.0,3.0,63.0
2016-09-30,44.486889870370376,42.5681180873017,9.0,15.0,2.0,6.0,2.0,5.0,1.0,177.0,0.0,219.0,4.0,35.0,0.0,16.0,0.0,54.0,1.0,134.0,2.0,58.0,1.0,12.0,1.0,26.0,2.0,42.0,0.0,50.0,1.0,50.0,0.0,22.0,6.0,42.0,3.0,16.0,59.0,42.0,2.0,11.0,2.0,31.0,2.0,68.0,4.0,46.0,2.0,10.0
2016-10-01,44.582030560846576,42.452289658730265,3.0,1.0,2.0,1.0,1.0,0.0,0.0,35.0,1.0,42.0,0.0,2.0,0.0,7.0,0.0,4.0,1.0,17.0,1.0,8.0,0.0,1.0,2.0,1.0,0.0,12.0,3.0,10.0,0.0,8.0,0.0,1.0,10.0,8.0,2.0,0.0,66.0,7.0,3.0,3.0,1.0,9.0,3.0,4.0,1.0,6.0,0.0,1.0
2016-10-02,44.584114394179906,42.357648015873124,40.0,8.0,12.0,3.0,1.0,7.0,17.0,125.0,12.0,121.0,4.0,7.0,0.0,4.0,2.0,12.0,20.0,62.0,9.0,28.0,0.0,3.0,5.0,8.0,1.0,15.0,2.0,26.0,4.0,18.0,4.0,9.0,12.0,11.0,8.0,10.0,107.0,20.0,5.0,15.0,2.0,18.0,8.0,32.0,4.0,21.0,0.0,6.0
2016-10-03,44.68388564417991,42.370039503968364,4.0,2.0,4.0,1.0,2.0,1.0,11.0,34.0,2.0,28.0,1.0,3.0,0.0,0.0,0.0,4.0,1.0,11.0,0.0,4.0,0.0,0.0,0.0,3.0,0.0,4.0,0.0,10.0,0.0,10.0,0.0,1.0,5.0,1.0,1.0,3.0,59.0,8.0,6.0,3.0,2.0,4.0,1.0,4.0,0.0,1.0,1.0,0.0
2016-10-04,44.61279777116404,42.26276331349218,2.0,0.0,3.0,0.0,1.0,0.0,3.0,18.0,3.0,32.0,1.0,4.0,0.0,2.0,0.0,2.0,2.0,12.0,0.0,4.0,1.0,1.0,0.0,3.0,0.0,8.0,1.0,8.0,1.0,6.0,0.0,2.0,7.0,4.0,1.0,0.0,36.0,13.0,1.0,6.0,2.0,4.0,1.0,5.0,0.0,3.0,1.0,3.0
2016-10-05,44.60163529761907,42.15431805555567,14.0,1.0,11.0,6.0,2.0,2.0,9.0,38.0,6.0,58.0,2.0,2.0,1.0,1.0,1.0,8.0,6.0,29.0,2.0,12.0,3.0,8.0,0.0,3.0,1.0,10.0,4.0,12.0,3.0,10.0,1.0,1.0,13.0,5.0,6.0,2.0,72.0,15.0,7.0,6.0,2.0,11.0,3.0,13.0,0.0,3.0,2.0,1.0
2016-10-06,44.832364853174624,42.0568426904763,1740.0,89.0,547.0,74.0,115.0,28.0,612.0,821.0,272.0,1076.0,72.0,159.0,10.0,22.0,108.0,194.0,542.0,697.0,264.0,295.0,102.0,114.0,131.0,151.0,65.0,181.0,124.0,336.0,117.0,222.0,57.0,132.0,364.0,207.0,187.0,132.0,1423.0,177.0,307.0,87.0,169.0,167.0,377.0,296.0,159.0,83.0,171.0,95.0
2016-10-07,44.99063190079367,41.9854466904763,909.0,52.0,236.0,37.0,73.0,15.0,313.0,559.0,113.0,712.0,46.0,156.0,8.0,24.0,39.0,111.0,262.0,388.0,135.0,206.0,32.0,49.0,46.0,75.0,47.0,110.0,48.0,188.0,73.0,123.0,24.0,45.0,190.0,110.0,89.0,66.0,641.0,131.0,127.0,53.0,74.0,102.0,178.0,180.0,70.0,73.0,56.0,49.0
2016-10-08,45.047780240929725,41.83514522108855,119.0,11.0,39.0,3.0,6.0,4.0,167.0,161.0,40.0,197.0,19.0,74.0,5.0,3.0,5.0,11.0,67.0,66.0,18.0,27.0,4.0,5.0,7.0,9.0,11.0,16.0,9.0,23.0,39.0,27.0,4.0,7.0,29.0,13.0,10.0,9.0,166.0,13.0,77.0,30.0,13.0,24.0,31.0,26.0,7.0,8.0,10.0,8.0
2016-10-09,45.163949225056705,41.717956744898075,114.0,9.0,46.0,5.0,15.0,1.0,156.0,171.0,32.0,179.0,11.0,27.0,1.0,6.0,9.0,15.0,81.0,114.0,23.0,24.0,3.0,1.0,10.0,9.0,9.0,15.0,10.0,22.0,34.0,44.0,8.0,7.0,29.0,26.0,16.0,11.0,134.0,21.0,75.0,36.0,16.0,34.0,33.0,27.0,13.0,6.0,8.0,7.0
2016-10-10,45.11832821315194,41.619772915533,124.0,5.0,36.0,4.0,14.0,0.0,170.0,220.0,79.0,256.0,17.0,57.0,4.0,6.0,4.0,19.0,183.0,274.0,24.0,32.0,20.0,20.0,4.0,16.0,7.0,33.0,14.0,30.0,25.0,40.0,5.0,5.0,34.0,20.0,19.0,22.0,180.0,18.0,38.0,36.0,11.0,43.0,44.0,48.0,14.0,10.0,10.0,8.0
2016-10-11,45.01528837188209,41.6263098202949,136.0,11.0,45.0,6.0,31.0,4.0,112.0,176.0,30.0,206.0,11.0,70.0,1.0,7.0,4.0,13.0,71.0,142.0,28.0,62.0,3.0,5.0,8.0,11.0,6.0,30.0,16.0,24.0,24.0,43.0,3.0,10.0,40.0,24.0,25.0,24.0,200.0,34.0,41.0,29.0,32.0,48.0,50.0,56.0,13.0,13.0,18.0,8.0
2016-10-12,45.06431474092971,41.64643410600918,121.0,13.0,68.0,3.0,16.0,1.0,101.0,115.0,39.0,177.0,9.0,57.0,2.0,5.0,13.0,14.0,74.0,104.0,34.0,44.0,6.0,4.0,9.0,12.0,5.0,44.0,17.0,27.0,23.0,37.0,4.0,4.0,32.0,18.0,27.0,19.0,166.0,21.0,73.0,25.0,21.0,35.0,31.0,41.0,13.0,15.0,14.0,6.0
2016-10-13,44.71670115759638,41.70024552267585,126.0,8.0,49.0,6.0,14.0,2.0,134.0,169.0,39.0,171.0,17.0,50.0,2.0,3.0,17.0,37.0,57.0,117.0,20.0,50.0,7.0,6.0,10.0,20.0,8.0,29.0,22.0,29.0,15.0,56.0,4.0,9.0,36.0,26.0,11.0,15.0,173.0,31.0,69.0,41.0,23.0,66.0,52.0,55.0,15.0,8.0,8.0,6.0
2016-10-14,44.58878581065761,41.754869699546596,136.0,19.0,36.0,8.0,19.0,1.0,119.0,183.0,25.0,156.0,18.0,57.0,1.0,4.0,32.0,26.0,60.0,121.0,25.0,60.0,9.0,5.0,8.0,18.0,11.0,26.0,20.0,26.0,29.0,33.0,7.0,5.0,42.0,13.0,14.0,10.0,141.0,21.0,64.0,77.0,18.0,52.0,44.0,47.0,13.0,7.0,16.0,13.0
2016-10-15,44.43053148242632,41.775207811791496,111.0,12.0,25.0,6.0,15.0,3.0,106.0,162.0,31.0,169.0,12.0,50.0,2.0,8.0,17.0,27.0,57.0,120.0,19.0,63.0,5.0,5.0,5.0,11.0,12.0,24.0,10.0,38.0,15.0,45.0,9.0,10.0,44.0,16.0,28.0,17.0,159.0,23.0,41.0,36.0,10.0,46.0,23.0,31.0,3.0,13.0,13.0,7.0
2016-10-16,44.34265973639457,41.85546709750578,121.0,8.0,39.0,3.0,23.0,1.0,76.0,123.0,34.0,199.0,18.0,62.0,1.0,8.0,11.0,15.0,79.0,92.0,36.0,41.0,6.0,11.0,6.0,13.0,9.0,16.0,11.0,30.0,25.0,30.0,7.0,7.0,23.0,20.0,12.0,14.0,134.0,25.0,44.0,20.0,19.0,56.0,28.0,40.0,12.0,6.0,9.0,9.0
2016-10-17,44.374224696712034,41.85156023242642,138.0,9.0,33.0,8.0,18.0,6.0,79.0,132.0,29.0,169.0,12.0,77.0,4.0,13.0,9.0,15.0,100.0,104.0,38.0,40.0,8.0,9.0,12.0,13.0,8.0,20.0,12.0,37.0,45.0,34.0,6.0,10.0,39.0,23.0,25.0,18.0,166.0,21.0,28.0,13.0,16.0,56.0,32.0,47.0,17.0,13.0,12.0,11.0
2016-10-18,44.39709677154196,41.87546642290261,143.0,10.0,40.0,9.0,16.0,3.0,91.0,170.0,36.0,182.0,22.0,62.0,0.0,8.0,19.0,28.0,75.0,149.0,45.0,74.0,7.0,5.0,6.0,15.0,6.0,18.0,14.0,31.0,15.0,41.0,4.0,13.0,33.0,30.0,17.0,16.0,176.0,23.0,54.0,12.0,21.0,49.0,38.0,45.0,12.0,9.0,16.0,13.0
2016-10-19,44.06041212018142,41.94783490079377,132.0,7.0,47.0,2.0,12.0,3.0,87.0,122.0,30.0,164.0,11.0,57.0,2.0,6.0,17.0,26.0,62.0,173.0,19.0,56.0,9.0,8.0,9.0,20.0,6.0,16.0,11.0,31.0,18.0,54.0,6.0,11.0,41.0,19.0,18.0,10.0,174.0,25.0,27.0,17.0,13.0,49.0,35.0,48.0,13.0,6.0,22.0,8.0
2016-10-20,44.40842112528345,41.996998531746144,100.0,2.0,21.0,10.0,11.0,1.0,152.0,144.0,62.0,207.0,18.0,47.0,4.0,3.0,12.0,19.0,149.0,203.0,30.0,44.0,5.0,15.0,5.0,9.0,4.0,15.0,10.0,28.0,20.0,38.0,5.0,20.0,21.0,15.0,25.0,17.0,127.0,18.0,42.0,9.0,19.0,36.0,39.0,24.0,8.0,3.0,17.0,7.0
2016-10-21,44.402297222222224,41.837085164399205,129.0,10.0,35.0,10.0,15.0,3.0,80.0,133.0,16.0,172.0,11.0,56.0,0.0,8.0,13.0,30.0,65.0,131.0,30.0,57.0,5.0,11.0,9.0,10.0,10.0,24.0,12.0,31.0,11.0,36.0,4.0,13.0,26.0,20.0,26.0,20.0,125.0,27.0,22.0,12.0,18.0,37.0,25.0,49.0,10.0,8.0,7.0,15.0
2016-10-22,44.4779645436508,41.80736898715053,99.0,13.0,32.0,3.0,14.0,1.0,72.0,162.0,29.0,154.0,13.0,59.0,2.0,7.0,7.0,18.0,70.0,135.0,42.0,62.0,5.0,5.0,10.0,11.0,9.0,19.0,14.0,37.0,14.0,36.0,9.0,6.0,48.0,13.0,15.0,30.0,130.0,19.0,35.0,10.0,12.0,23.0,16.0,30.0,9.0,10.0,9.0,4.0
2016-10-23,44.50250964569161,41.81448439531379,123.0,10.0,41.0,4.0,33.0,7.0,64.0,147.0,21.0,133.0,11.0,48.0,0.0,4.0,8.0,19.0,41.0,110.0,16.0,53.0,3.0,6.0,8.0,11.0,0.0,12.0,9.0,37.0,14.0,38.0,10.0,10.0,42.0,26.0,22.0,15.0,142.0,24.0,30.0,13.0,13.0,25.0,28.0,38.0,12.0,7.0,7.0,8.0
2016-10-24,44.54675429421769,41.97980537037048,135.0,9.0,41.0,5.0,16.0,4.0,63.0,120.0,30.0,149.0,11.0,57.0,1.0,7.0,14.0,18.0,64.0,117.0,29.0,54.0,8.0,6.0,14.0,15.0,4.0,17.0,9.0,29.0,24.0,30.0,5.0,8.0,34.0,16.0,16.0,19.0,128.0,11.0,32.0,7.0,14.0,28.0,22.0,33.0,7.0,8.0,12.0,8.0
2016-10-25,44.60023640306123,42.220613873771846,140.0,10.0,47.0,28.0,12.0,1.0,73.0,184.0,19.0,170.0,12.0,37.0,0.0,6.0,13.0,31.0,51.0,149.0,29.0,89.0,11.0,23.0,8.0,11.0,6.0,8.0,8.0,33.0,13.0,37.0,2.0,12.0,20.0,17.0,15.0,15.0,139.0,38.0,20.0,17.0,17.0,34.0,25.0,50.0,7.0,3.0,8.0,5.0
2016-10-26,44.79862361394559,42.398053431594974,131.0,12.0,44.0,4.0,33.0,3.0,85.0,145.0,43.0,154.0,14.0,49.0,2.0,2.0,15.0,35.0,53.0,124.0,32.0,71.0,11.0,34.0,13.0,16.0,11.0,10.0,9.0,34.0,9.0,46.0,3.0,9.0,31.0,16.0,19.0,8.0,167.0,33.0,43.0,18.0,14.0,32.0,31.0,46.0,13.0,7.0,11.0,4.0
2016-10-27,44.44488352551021,42.540098098261645,132.0,19.0,37.0,5.0,16.0,1.0,72.0,154.0,31.0,150.0,17.0,45.0,6.0,4.0,6.0,21.0,59.0,123.0,29.0,75.0,11.0,18.0,9.0,11.0,7.0,17.0,15.0,31.0,17.0,38.0,5.0,16.0,33.0,16.0,25.0,15.0,146.0,31.0,31.0,12.0,17.0,26.0,29.0,41.0,11.0,7.0,20.0,8.0
2016-10-28,44.0875709659864,42.8187859554045,117.0,8.0,35.0,1.0,11.0,1.0,54.0,115.0,39.0,130.0,28.0,46.0,1.0,2.0,6.0,11.0,73.0,80.0,27.0,45.0,4.0,9.0,26.0,16.0,12.0,13.0,21.0,21.0,16.0,19.0,12.0,5.0,25.0,16.0,14.0,19.0,133.0,21.0,30.0,9.0,22.0,24.0,46.0,51.0,17.0,8.0,12.0,3.0
2016-10-29,43.810134537414974,42.750590585034125,111.0,14.0,45.0,8.0,15.0,5.0,46.0,161.0,49.0,219.0,32.0,88.0,5.0,3.0,9.0,22.0,51.0,113.0,19.0,47.0,3.0,8.0,9.0,13.0,3.0,20.0,10.0,19.0,14.0,34.0,5.0,8.0,25.0,18.0,13.0,13.0,125.0,22.0,20.0,16.0,15.0,29.0,34.0,53.0,6.0,12.0,8.0,4.0
